Batch No,SSE,Silhouette Score,Accuracy
0,975.9919343330024,0.003960347355654272,0.476
1,979.2625625924958,0.0036611796597150353,0.488
2,976.3743419615649,0.0020291037999202156,0.503
3,978.4555191572324,0.003518693148622311,0.512
4,979.1378017965606,0.002588505217326673,0.517
5,978.6904162792142,0.003247539601880236,0.478
6,977.2576362666646,0.004375936541571806,0.485
7,978.0193059942484,0.00252779790650198,0.512
8,979.8484163343842,0.0034921427269934786,0.509
9,975.3394674874238,0.0035191053667298256,0.51
10,977.5518494099554,0.0034581945894704455,0.487
11,975.6946908966786,0.004822610170855091,0.511
12,975.544746796117,0.004213689515085096,0.462
13,976.2594114988137,0.0020306335755547406,0.498
14,977.4453655031955,0.0033233007163281677,0.485
15,975.5095116827347,0.0047276487462656605,0.52
16,975.7937366297274,0.004362405723131666,0.492
17,974.3059993858362,0.0037283526580438593,0.509
18,971.5409065321994,0.006186157536396176,0.478
19,974.150275405415,0.004240628594556366,0.474
20,975.6530039886931,0.0039039622572183924,0.474
21,978.3660338935504,0.0030994863850344226,0.502
22,976.8827926581059,0.003528340549196226,0.501
23,979.6037025836315,0.002112386940687908,0.496
24,979.0857336148714,0.0023225280200218847,0.509
25,979.1745228625643,0.0034395688510359397,0.528
26,978.9593304939336,0.001993392863695698,0.507
27,976.4336432483409,0.005358922469950201,0.5
28,975.6861639039154,0.005064910563302927,0.514
29,982.582578937051,0.002368732240716905,0.508
30,976.593931342588,0.003760542537710779,0.466
31,977.580029330041,0.003648942349878477,0.53
32,980.5731531308284,0.0034780526452959236,0.494
33,978.0453945537419,0.0022742344863741926,0.483
34,977.932365602084,0.0019152930518544818,0.529
35,978.6050987358012,0.003633643935654185,0.49
36,980.2979001494939,0.001900272750815397,0.521
37,976.7841981597917,0.0036887480265418286,0.516
38,975.7297384279412,0.0031303828908017216,0.489
39,979.7042123514714,0.00364147108089173,0.506
40,972.6780511798629,0.0055611426381189846,0.514
41,976.0129370981003,0.004849860246096434,0.482
42,976.1787218224058,0.0039030012702750056,0.495
43,978.7238422162754,0.0035184715585725823,0.495
44,972.3282093497794,0.004664675008750523,0.49
45,972.7195844369965,0.0060855663948822195,0.521
46,973.9530088011489,0.003733634049632623,0.492
47,972.6653739872688,0.003980565282210731,0.506
48,978.3016834443599,0.002297712284338862,0.5
49,974.2593144871485,0.0036711506721571513,0.504
50,978.3303027512925,0.004106791362797657,0.506
51,980.8668721543397,0.0015507200431112305,0.512
52,973.077929085078,0.006235036514832582,0.486
53,974.658937019325,0.0039641832074324805,0.524
54,976.9159999909164,0.0037813758681146644,0.499
55,976.7372350465342,0.0028167596733557447,0.498
56,977.8928274985021,0.002555266952332732,0.49
57,975.1022907771729,0.0037253499307343322,0.485
58,976.7318668265743,0.0045175834377846925,0.488
59,972.8879025918853,0.004685662625668177,0.501
60,975.2435415482586,0.003515132747592824,0.489
61,976.6626472166315,0.0035301714352660046,0.518
62,977.1582581297919,0.0022348070879856605,0.493
63,974.4059553622825,0.003302126220119182,0.494
64,979.3760730342575,0.0038359825829285626,0.499
65,978.074186469865,0.00226655343767339,0.481
66,977.9107673380735,0.0037331377713422853,0.535
67,976.652460466793,0.003712121072791944,0.485
68,975.3508446850794,0.003109910010950555,0.492
69,974.234143135643,0.004396574349429733,0.462
70,976.6418787412019,0.0035751183023447542,0.486
71,978.680511589921,0.0015171091809130163,0.511
72,981.567644457176,0.002902551834782834,0.497
73,981.4505490688671,0.0026529695508114024,0.504
74,978.0133236283166,0.0024726667277961685,0.499
75,976.66543653454,0.0035262998954622205,0.454
76,978.2864611525138,0.002693374297503574,0.474
77,972.7021859377147,0.005390102821156116,0.477
78,979.9500311763421,0.0029555287971935193,0.501
79,976.3301802595025,0.0030186356800081236,0.507
80,978.6843572695616,0.0025313216162903356,0.48
81,978.4325136372802,0.002809008033801817,0.523
82,976.3158792572034,0.004954527721942772,0.493
83,974.7154280581102,0.004747740652164894,0.507
84,979.2768776561182,0.0017938576333794494,0.486
85,976.7853289174371,0.003975492761387763,0.492
86,975.9395192884662,0.0035824511836269695,0.489
87,977.171449292595,0.004176028826021215,0.5
88,978.8976878480792,0.003091055100473217,0.486
89,979.1760811132988,0.0015700802118981836,0.476
90,976.4604282110628,0.003297111305899807,0.514
91,976.2790690947757,0.0035198738631722856,0.497
92,979.5978648113667,0.000945599317309517,0.502
93,978.9080167786059,0.0031034200647316527,0.491
94,976.433601912002,0.0032303277635593562,0.537
95,977.1643070077785,0.004406499161691228,0.489
96,975.413202698094,0.0046426878680693486,0.474
97,979.0705975537612,0.00205520583116661,0.47
98,977.086890737653,0.0027722779698978383,0.503
99,978.0631875682259,0.0018123968787964447,0.459
100,976.2807473881091,0.0021797053860595846,0.492
101,978.2421023617744,0.0018360845829408017,0.512
102,980.0454769560732,0.003356276428397875,0.511
103,980.0897172855464,0.0022548396173598857,0.504
104,978.8637479008876,0.002130037106876072,0.493
105,977.2790507754063,0.0028958224933420917,0.491
106,979.6942459440595,0.0023894770476671047,0.492
107,979.1004782283914,0.0025130170560913453,0.47
108,970.2688373206911,0.006771367978770019,0.513
109,974.2953324526673,0.004116089242238671,0.482
110,977.6107202411108,0.003410581925131406,0.465
111,976.864926921997,0.002941251250403431,0.503
112,974.6025718131858,0.002335153446030562,0.511
113,978.2269517173686,0.00205392010681992,0.494
114,977.9434534943891,0.0040506567808515645,0.497
115,979.4829095993323,0.0027974113332644543,0.494
116,977.3723538081623,0.003613027806165414,0.492
117,980.0520583975142,0.001630316109456276,0.488
118,973.2603682484257,0.004476302812414993,0.516
119,978.2852789627001,0.0026862066812002555,0.48
120,980.5066647426898,0.0013420687374401457,0.506
121,976.3043590264624,0.004518268794719756,0.508
122,978.3904390957335,0.002873988034908064,0.51
123,976.4160703956549,0.0037178964977937733,0.48
124,975.7521121739761,0.00353873244531657,0.488
125,973.4814072161832,0.004989904613297018,0.491
126,973.4509308281367,0.0037658413113549074,0.493
127,980.1763912619161,0.0020249098194092072,0.514
128,976.1164757382986,0.004343222661225857,0.459
129,971.9251702938657,0.004664492864754006,0.479
130,977.987141126823,0.0027944423938906695,0.482
131,978.8351741870938,0.0035074289518964115,0.49
132,977.1694120214295,0.004510017608340933,0.484
133,972.5816953925646,0.004162004294355617,0.517
134,977.3121358684793,0.0023280856585408934,0.502
135,976.3051295624533,0.002783081940613859,0.493
136,973.5970390596838,0.003609131102906117,0.484
137,977.4885512631331,0.00136392872058678,0.518
138,978.4310863853989,0.0030220448589100652,0.517
139,978.86838038197,0.001864710073262508,0.478
140,978.9637446409752,0.0020540265625349106,0.494
141,975.9068029251506,0.0022856210620422006,0.48
142,979.5400419521111,0.002477909012827234,0.519
143,976.8217489031136,0.0029123503152417127,0.487
144,972.2249717126219,0.005000039798970782,0.483
145,976.5642902066575,0.002653775620235943,0.499
146,979.88046127503,0.0016482743395215382,0.51
147,977.449861484516,0.002495446133280107,0.533
148,976.8731560633237,0.0022266254799905966,0.511
149,969.0287775442663,0.00605300081154129,0.511
150,978.1444361750928,0.003547498843122676,0.493
151,976.1783539745264,0.003413491935304576,0.489
152,971.8566296416545,0.005369905391384446,0.512
153,979.0678822237852,0.0012841741550780072,0.513
154,981.2443739475112,0.0021094077172254763,0.502
155,976.442257627352,0.0038834090308594365,0.498
156,977.2378982143737,0.0036986609129794953,0.509
157,974.8322229878654,0.0033146771167370612,0.487
158,976.0321339145275,0.0028827714801537576,0.501
159,978.2175427730499,0.002792668137561601,0.49
160,977.6998947607772,0.003656024414579911,0.512
161,976.4210922296461,0.0032972208653057862,0.485
162,980.66654137466,0.0024157650853016254,0.509
163,977.5400376803053,0.002372584431757893,0.509
164,978.0873406714996,0.0029821536523746256,0.501
165,976.0294081511292,0.0029012673033888517,0.51
166,974.3912530743352,0.004393625108455069,0.49
167,977.3962175521195,0.0026797609819298666,0.465
168,978.4793917468397,0.00158911790371196,0.512
169,977.2698298032367,0.0033024103831264286,0.505
170,977.5027975900553,0.002809214770355853,0.494
171,974.4934910134953,0.0033233521118229393,0.504
172,971.8262552204284,0.0042092782267217806,0.474
173,980.780278449906,0.0011452577535341173,0.512
174,977.282544542604,0.0031654853407908686,0.509
175,979.3786338346736,0.0025316721348473447,0.492
176,974.6992698174387,0.00374679120641815,0.508
177,979.2591319971013,0.00279468555732965,0.506
178,977.9648493664906,0.003336381041047181,0.483
179,977.5034664646755,0.0018670749176788574,0.528
180,972.4015642535036,0.004516377822355958,0.496
181,976.8815049072653,0.003021138971556596,0.501
182,974.3409370442996,0.004724753892033233,0.502
183,978.229140009384,0.003978263863512599,0.48
184,978.900582530171,0.002154223981733277,0.504
185,977.5602205255277,0.001833480657146224,0.466
186,979.8041883379029,0.0013247998564642973,0.512
187,981.1426953870024,0.0014900218199486465,0.491
188,980.7118148424465,0.0013316171903637228,0.481
189,977.2848785891276,0.003418987713527609,0.483
190,979.0922237121999,0.003287702341945341,0.511
191,974.4396222261284,0.0028772098086049243,0.5
192,977.7299614165798,0.004125779293135834,0.511
193,977.4326123000828,0.002601935066958629,0.511
194,976.7710701671917,0.002880854874564885,0.462
195,977.677706202461,0.0017272651484110083,0.485
196,972.6023178065163,0.0041452154292866555,0.516
197,974.2629283422441,0.003484138368890488,0.501
198,973.5165751794196,0.00449784604601857,0.495
199,976.3701523985154,0.0027700497637027557,0.52
200,975.8413691823164,0.0025416272003424794,0.502
201,975.9056934596442,0.002843685511467651,0.474
202,970.0995247368737,0.005241277589980136,0.503
203,974.1956703299004,0.003141493778594301,0.488
204,974.7360208923453,0.0034871641067993676,0.503
205,975.5148393117738,0.0023103857961127403,0.472
206,975.6521825862864,0.003946535313280899,0.501
207,974.6319308592718,0.0044166034454447755,0.48
208,975.4037411635327,0.004411027590198003,0.495
209,976.4885436444731,0.0028371665092716564,0.48
210,973.9955625093316,0.004270298826888389,0.516
211,979.190066556557,0.003137440296238338,0.493
212,975.227974613685,0.002629520737497793,0.515
213,972.068780653775,0.004718410605640141,0.494
214,974.6336093777323,0.0054326500685011,0.491
215,974.9115639407421,0.0038844672619096038,0.512
216,975.4824216901865,0.00450553292896703,0.483
217,976.7541457363209,0.004486249513026797,0.478
218,972.1764189559115,0.006155152286813273,0.484
219,976.0145454467086,0.004321100312426103,0.482
220,979.3874801702742,0.0018957045251126623,0.48
221,973.8238059302444,0.004255419799718944,0.484
222,977.5206736766996,0.0026738312512149132,0.501
223,975.2118242983636,0.0030608333032848406,0.496
224,971.9264363748542,0.004232585031895583,0.516
225,977.524885922488,0.0035079923719212635,0.473
226,980.4560918746689,0.0018386415168285628,0.471
227,976.515803406444,0.0035154423834057773,0.5
228,979.106303657797,0.002257806590304812,0.499
229,974.6580274878258,0.002568342087349664,0.519
230,978.7305005656973,0.0032712178305663356,0.497
231,979.6716056627902,0.001901463399042308,0.491
232,980.0180505023832,0.0023564898303649632,0.5
233,975.4842156617283,0.003347866421862355,0.518
234,977.2305064928541,0.004310998735094387,0.494
235,970.5199921996135,0.005000210331406178,0.477
236,976.5416271681661,0.002878552696511772,0.515
237,974.135236735131,0.0035920960536084687,0.48
238,977.9942985888945,0.0029361684406797295,0.489
239,973.5062990429929,0.0033481434155413227,0.491
240,971.526635256361,0.004672158184258498,0.505
241,974.6196101526091,0.003906037225573402,0.499
242,976.7156225952256,0.002005426065189075,0.498
243,973.4087195103291,0.004193137007600262,0.481
244,978.2772952269474,0.001860341816085771,0.477
245,977.2577033970321,0.002721418803427092,0.495
246,973.4502269131585,0.0044022283482605075,0.499
247,974.1348858919047,0.0049566737307491365,0.519
248,980.0595938903699,0.002628004715515126,0.465
249,978.3278455825875,0.0021133686769452095,0.498
250,975.4129923580429,0.003697582920325276,0.475
251,976.0676280941583,0.002509665721240417,0.505
252,974.4852641373932,0.004935214361166599,0.512
253,971.714070175391,0.004834369567721142,0.492
254,975.2005038232805,0.002577026395200369,0.485
255,979.2713860181327,0.001377456664043622,0.501
256,976.0471168052452,0.004104954815892136,0.491
257,974.1138862100745,0.0032047575308851804,0.481
258,970.2219119404602,0.00576366613249272,0.493
259,977.1557755014904,0.002097976454647898,0.481
260,976.5742200230112,0.003933769320521179,0.499
261,974.2166882881384,0.0029941998699161746,0.471
262,977.802911161459,0.003022085321759514,0.489
263,976.3827733304678,0.0033231146581330843,0.526
264,975.8884204553691,0.0047283160608150914,0.475
265,974.7091291163188,0.0029233921900230883,0.51
266,974.2273053155997,0.0035299040246332012,0.488
267,971.5717192480151,0.005630673637654419,0.513
268,979.0102442606619,0.003119294733276086,0.514
269,979.4296874459742,0.0018297453844301525,0.505
270,975.2744801148104,0.0025668887464788803,0.499
271,975.5340140575372,0.003372208756791199,0.489
272,979.0786523110664,0.00438915152069088,0.497
273,978.8084620156939,0.002539335171211621,0.494
274,975.5846006699691,0.003031986956526451,0.486
275,977.0662678275262,0.004995278415373214,0.502
276,973.386694668943,0.005469832030828062,0.477
277,977.7998840056663,0.002081686236698312,0.489
278,975.9821829974687,0.003268011540423001,0.494
279,968.760399531853,0.0061833034453665425,0.499
280,978.1015419512673,0.002507262345078796,0.481
281,973.5412408431474,0.0038245961543378055,0.507
282,976.356261809513,0.0032304532359223844,0.495
283,971.9191512025319,0.0047820475793440235,0.503
284,973.5461378544009,0.0030130353321497676,0.473
285,976.9768186876069,0.004742002417270983,0.497
286,973.2571282011635,0.005416170244070094,0.494
287,976.5504203513977,0.0037187318657460537,0.502
288,975.5179355346122,0.003180112061863211,0.497
289,975.7791094212919,0.0038960483160672995,0.474
290,973.8716600525536,0.005045385459491808,0.491
291,975.2529133204389,0.0038042568905637337,0.505
292,977.1422758441954,0.0032292855019733333,0.5
293,979.4263179247745,0.003681260470615805,0.473
294,978.3181372496616,0.003146142715505921,0.514
295,981.3567690559127,0.00040900242561507736,0.5
296,975.4811616188188,0.003458086950990207,0.513
297,977.6008548715051,0.003057483330333987,0.522
298,978.2889410324262,0.002205260784006015,0.508
299,977.4898758294757,0.0013357711843446926,0.481
300,979.8124794544335,0.002951144672017172,0.494
301,971.998959063541,0.00416606397448334,0.498
302,977.8080385289862,0.0016618368576606479,0.515
303,977.0171450678657,0.002838217547975376,0.507
304,975.8138856962968,0.002077493252536659,0.493
305,976.3051942938228,0.0028455444025348537,0.484
306,972.992967714342,0.003914133386976513,0.511
307,981.0673453512665,0.0008818788982425897,0.497
308,975.7629030464282,0.0042081732656658235,0.485
309,981.0397429883302,0.0014784560106655608,0.493
310,976.3539199147561,0.003979084265320374,0.467
311,974.5802375007536,0.003453041537359894,0.498
312,979.7846424040285,0.0024641455401320108,0.492
313,976.0264288621871,0.003996289457051833,0.515
314,973.3272079192202,0.004295067465841047,0.48
315,973.9418263445518,0.0035871459995271476,0.51
316,974.8687664200604,0.0032983848731044088,0.495
317,977.5681940774639,0.003114033938346613,0.497
318,975.1288960540305,0.003989750023479346,0.461
319,980.7223855159953,0.0008354883231173534,0.483
320,976.7531613609757,0.0035796396826647636,0.501
321,979.9687560230577,0.0019536497693575803,0.524
322,972.1511188299836,0.004270436415474052,0.475
323,977.7312279869216,0.0037279704532649075,0.481
324,974.9251702099622,0.004393377431193839,0.497
325,975.309347887286,0.0037291825906888058,0.505
326,977.097589895684,0.0032805827340529124,0.48
327,971.0811679738475,0.004612167025613933,0.496
328,975.4837237919148,0.00561156372673781,0.487
329,979.7978770682316,0.002771704361082287,0.516
330,973.4852991035895,0.00456414351282448,0.492
331,976.1501557577662,0.002878410166757848,0.507
332,978.3346929018243,0.002061949262571978,0.513
333,972.7016817368598,0.00293249585487148,0.488
334,976.2290776609605,0.003289936206388561,0.5
335,978.8050659787225,0.003775583405884856,0.487
336,978.4870922414848,0.0008420695866791889,0.527
337,974.7317621213389,0.003182251809294475,0.529
338,972.316296518732,0.005805189114235745,0.504
339,978.7901243619026,0.00378696883939413,0.491
340,979.852274991529,0.0022601797446408,0.478
341,971.7363719307207,0.004749851506496718,0.506
342,977.7979975619616,0.002454891659627552,0.494
343,977.2836099999807,0.0019403226158414722,0.496
344,976.566726767289,0.003229642773954333,0.498
345,980.5621331277288,0.0026051549747353143,0.503
346,978.9877032927319,0.0010650697314318065,0.491
347,978.1880096649448,0.0019363269645003248,0.517
348,977.1967808825398,0.002967171299915228,0.538
349,979.5514075504572,0.0019795100079486416,0.471
350,974.0994578653899,0.00527522901490866,0.517
351,977.3182363566035,0.0033990130517317745,0.508
352,978.3367707077382,0.0022567707600071223,0.507
353,977.5616098863743,0.003721933575038634,0.501
354,981.351661023092,0.0012020634881767355,0.496
355,978.640023993202,0.0025376157652914487,0.512
356,979.0999502391128,0.0028500875929819555,0.498
357,978.1018459971672,0.0035181351108794314,0.512
358,976.5187632768198,0.0033328547762992355,0.525
359,976.6996197483886,0.0015964277866560468,0.479
360,976.762010838215,0.0018650122652671079,0.463
361,975.0795107917637,0.003702472623957058,0.498
362,972.4155029420958,0.004392205663126601,0.485
363,975.7270711351752,0.004170248136342538,0.5
364,977.0389469486247,0.002235759595627843,0.509
365,975.0385394316945,0.0042788312962995755,0.507
366,967.980694174174,0.006472500501519013,0.519
367,978.0375522524943,0.0038862995702784926,0.451
368,976.9380834809352,0.003953548174072991,0.512
369,972.3478284148696,0.0034308951534206345,0.47
370,974.5651692234584,0.003659424366397719,0.506
371,977.2826206767224,0.003115549362818216,0.513
372,977.0719032145563,0.0027685670986264165,0.49
373,976.7620704031094,0.0025601299967511785,0.473
374,977.1250940950958,0.003414799079206137,0.49
375,974.4538830019868,0.0048262465343976955,0.495
376,980.8844024832639,0.00145599660683343,0.49
377,972.4198334189434,0.004385944661412126,0.492
378,976.2764542985849,0.0040188047018916056,0.505
379,977.3967100127238,0.0035514520687924636,0.52
380,976.6683240486273,0.003568882551423571,0.496
381,976.6881290811878,0.0034325255443455366,0.485
382,979.9594598474489,0.0017932260552235126,0.477
383,981.5885581008496,0.0010440446895883578,0.501
384,974.990335316819,0.0027801540352093523,0.488
385,977.1192242743019,0.002530964973393458,0.472
386,976.4111196673032,0.0019357792471140674,0.519
387,974.3155019157849,0.0035568945299800704,0.49
388,976.0888304489778,0.0037502226994779266,0.49
389,975.7795771269351,0.002623860318939619,0.53
390,974.7794201432692,0.0026047124268129824,0.491
391,973.7192920371458,0.003161446737040376,0.489
392,977.1170233555259,0.0024856577320444737,0.483
393,974.1240642300459,0.004708780383678795,0.488
394,975.3501485014779,0.004918670676608967,0.528
395,977.2568493151311,0.003592449012427881,0.5
396,971.8160148899183,0.002662091877441682,0.506
397,972.9217333867176,0.003028117672240753,0.478
398,976.090173358926,0.0032137706111995874,0.48
399,975.1260308961278,0.003339578361112606,0.511
400,980.0032124625486,0.004155917331175579,0.485
401,979.5656289037879,0.003089014544716321,0.483
402,976.3905773411926,0.002949392986693486,0.491
403,975.1847693915188,0.0031044382428144193,0.474
404,980.7537277415245,0.0016026058975492986,0.528
405,974.7967717117247,0.002638245384060031,0.516
406,981.7368371889809,0.003374727712008543,0.493
407,977.0527788038273,0.0013449081590877151,0.495
408,976.8901727692798,0.003607762068513237,0.499
409,974.9992044806235,0.00435822938230188,0.504
410,975.6569323503154,0.0029817889216866853,0.52
411,974.1594534487153,0.004333083845784318,0.538
412,979.449349731885,0.0008759667198597079,0.496
413,975.5636091386432,0.003280983363713718,0.501
414,973.6498151169304,0.003831326336170101,0.484
415,982.611062583484,0.0015487153150668348,0.499
416,971.0973362324675,0.005149668874338719,0.531
417,976.2926246417462,0.004588274461195838,0.494
418,976.369281077999,0.002632510195281226,0.504
419,977.8751115709781,0.00255663144142755,0.504
420,975.3490197137179,0.0030225770395823927,0.49
421,973.8539070123152,0.004348927029308251,0.509
422,975.8009078642234,0.002739082384670066,0.506
423,975.8006812209388,0.002149102579440119,0.491
424,976.1320779431641,0.0028721130418371244,0.516
425,975.9998562417472,0.0022338743068214422,0.49
426,977.2480970038339,0.003670589184930509,0.495
427,975.3443646809288,0.004905389949654823,0.497
428,973.8297262472367,0.004093650912654206,0.491
429,978.3796044734273,0.0030081586365112056,0.491
430,977.0946515973549,0.002138890049857606,0.503
431,975.4260191939786,0.004358643048748629,0.465
432,975.190808562545,0.0044846199183611254,0.504
433,977.2527363043579,0.0024677534867865642,0.483
434,979.7048589794578,0.0020506246397894137,0.512
435,973.7983383400842,0.003490705875257097,0.503
436,979.8186945393338,0.0016069937956876598,0.496
437,977.3575875505908,0.002750523773929339,0.481
438,974.4052860635489,0.0038311357867799652,0.522
439,972.263009705038,0.004794217904519747,0.506
440,977.045474701464,0.003154118822400414,0.513
441,978.2611470485085,0.003349380188559166,0.488
442,977.9144065493216,0.001944727232649133,0.513
443,978.0064626355146,0.0020855324152477903,0.507
444,979.9702397514174,0.0023531333657279695,0.509
445,977.1386286891479,0.002189663931427291,0.51
446,979.187449613954,0.0018004039583404301,0.499
447,978.9399030960949,0.0021029958238611476,0.51
448,973.9183466139846,0.004912416384475354,0.479
449,979.3673675990271,0.0017672030311850287,0.504
450,977.3569779113373,0.0014940821495456778,0.5
451,978.1596279747339,0.0033815458360204067,0.505
452,980.1742222785057,0.0014185551497433373,0.487
453,975.1544265803408,0.002815406294311004,0.473
454,979.389968766128,0.0007809905800698847,0.517
455,976.732881753627,0.0031559676949795058,0.483
456,976.706857421734,0.0028213975778386313,0.512
457,975.950266035365,0.003401223744637404,0.473
458,975.6566211505959,0.00253124981889448,0.498
459,975.8889173012816,0.0034047669268567984,0.504
460,976.0623700243766,0.0017897943563625225,0.492
461,978.1058589053087,0.0021661132247223712,0.514
462,981.3304710064865,0.000917453873261397,0.516
463,975.9311763293834,0.0038844131733173663,0.507
464,975.6047066451943,0.0034268256866745697,0.485
465,976.9737206768721,0.0029780250471453506,0.485
466,976.2569565058797,0.0035555224582473123,0.526
467,977.1570787493355,0.0031571951877778287,0.514
468,975.6473739476118,0.003560692644880261,0.517
469,974.1997180101646,0.003926808018556461,0.49
470,975.0421966923448,0.004221986625265666,0.514
471,977.8297495796002,0.002954367044367792,0.493
472,976.7531468243571,0.003445802795698924,0.493
473,976.6625750667904,0.0031490387357439383,0.477
474,976.3682963518457,0.0024900366879455796,0.507
475,975.5201853071086,0.003261472268570581,0.489
476,979.6174197767032,0.0019829389675830654,0.507
477,978.4996073468271,0.0024807519682568443,0.518
478,973.2650402574636,0.004532262355780543,0.491
479,976.3631944172614,0.003799906666350511,0.484
480,976.7581209050688,0.0030447334437205343,0.504
481,980.0787975306288,0.0013598917896374058,0.515
482,976.915474795297,0.003377341119586469,0.506
483,977.1596651789596,0.0022246766213144882,0.499
484,975.6019529831502,0.002910916912259811,0.512
485,977.0632741168038,0.0034478892851766262,0.499
486,974.5902754733702,0.003857137955897505,0.504
487,976.4326026911177,0.0029439036854053088,0.481
488,974.225017989859,0.003432239663057549,0.507
489,978.0500539040688,0.0017212324371179725,0.492
490,980.9962104493527,0.0020999636296463323,0.507
491,978.0898040498081,0.0029284394998796075,0.487
492,974.472815681147,0.004160413262363975,0.477
493,977.9179206613268,0.004916061968625831,0.483
494,979.1516037995987,0.004408758623591374,0.509
495,974.7943279314953,0.004296610660567991,0.482
496,971.4706174977995,0.00485895827285904,0.508
497,976.5457449811637,0.0035137306436013364,0.479
498,979.7405196060661,0.001791731480299769,0.527
499,974.5357233235552,0.003413869438310065,0.497
500,977.4950403082984,0.002333227419743949,0.473
501,977.3134042169929,0.0037562565663036293,0.515
502,980.5839481971702,0.001907458510109879,0.499
503,977.2550758560102,0.00331792643519489,0.499
504,976.9616503432756,0.0021193984361176066,0.497
505,975.9473556169464,0.003227377780264747,0.479
506,972.9413272168059,0.004450487867484753,0.481
507,979.8000906853548,0.0012149680195213028,0.475
508,975.9622577821027,0.0022153951275481194,0.479
509,976.4295186378207,0.003498221385273399,0.525
510,977.2992726361124,0.0033756571473660423,0.495
511,975.52772228936,0.004795871598637584,0.494
512,973.0752290173069,0.005637349381006578,0.49
513,976.0658462804593,0.0023600202174937374,0.508
514,973.606969858795,0.001696796380319633,0.514
515,979.8969587822908,0.001966381048693578,0.492
516,979.553770234616,0.0020020392112015876,0.518
517,980.8277994757825,0.0009693974520056647,0.494
518,978.4840502018815,0.0028782822629138554,0.505
519,968.8371248946388,0.005902108616601568,0.482
520,977.9803988569647,0.0026515462142216507,0.503
521,974.2557035289292,0.004942339755718887,0.498
522,976.844472768317,0.003252903596540979,0.488
523,979.0268549015848,0.0025086044075728147,0.497
524,976.179338749268,0.001972676711283239,0.489
525,975.1856038457894,0.004631122034229232,0.469
526,974.9477213441189,0.0035414837995433653,0.511
527,976.5545350685666,0.0035506826142693735,0.491
528,970.4976276882045,0.00609057984631368,0.487
529,975.1912258488144,0.003408126026656331,0.507
530,976.8010004233821,0.003307728402217341,0.498
531,974.0830877576466,0.003836525930334121,0.494
532,976.6510272233171,0.002895806737286002,0.483
533,977.6950651946361,0.0025481549132543926,0.499
534,978.8883907284437,0.0016306753447201826,0.489
535,975.8675120733919,0.0030448721237343506,0.495
536,975.3331630155494,0.004810784963157071,0.479
537,977.857248546552,0.0025026023241899544,0.493
538,977.5159273406928,0.003743559146576686,0.497
539,980.0272790066127,0.001420757181627885,0.498
540,973.3921715247768,0.0037047688901089416,0.475
541,975.7043935554291,0.004645318514686201,0.479
542,978.6595808144996,0.0034202820716393995,0.469
543,976.8048110932334,0.003955264869976204,0.48
544,971.3655920088297,0.006343934284779273,0.499
545,976.6946761966226,0.003763399997484115,0.499
546,978.3512863550594,0.0028842551078805388,0.516
547,978.5306843481303,0.002839694591907591,0.495
548,980.1029649488676,0.00205554271008922,0.494
549,975.338988752347,0.0035784881256751035,0.5
550,974.6113089861343,0.0034907345517929396,0.477
551,978.7235946599874,0.0017593870887089003,0.477
552,971.5006298132321,0.004753035361808393,0.494
553,976.1655456462746,0.005307702566817834,0.508
554,977.9323605246288,0.0019141998695226007,0.493
555,974.0058268785856,0.004683426759258437,0.472
556,976.0961575246233,0.003488725810909495,0.508
557,976.5325809517243,0.001474200902513236,0.482
558,976.4510589112037,0.00402182792320634,0.486
559,977.8428616658668,0.003379341603657882,0.501
560,974.313772008321,0.004261887114624016,0.479
561,977.6300136377315,0.0034212037071321482,0.507
562,971.9694362048294,0.003555740758514885,0.494
563,978.392780664884,0.0015553999986735567,0.509
564,979.6668047341775,0.003941565604935964,0.513
565,971.6157676336984,0.0052649716922056776,0.514
566,975.3633510540802,0.004285283512431047,0.511
567,978.4478299577718,0.0025471433683474823,0.496
568,976.1957579372286,0.00407541347326853,0.484
569,979.1764683796135,0.0019711038595947848,0.488
570,975.8306813663437,0.003011729736138919,0.483
571,972.2701457238335,0.005419934506063471,0.492
572,978.1864976275601,0.0026883652811584753,0.47
573,972.8357307615881,0.003936814877727648,0.515
574,977.8720051006658,0.0028127014650969943,0.516
575,977.0734755463047,0.0028149184593460916,0.53
576,977.5917040987025,0.003228785517088232,0.522
577,976.1734838809942,0.0038165890932026288,0.477
578,978.7663105263819,0.002107468283655981,0.514
579,976.9478698928596,0.002888346128783236,0.503
580,975.7454942642303,0.0038779770383195276,0.491
581,979.4700620067463,0.0023576739384218756,0.528
582,975.390746362345,0.0038456832171050817,0.499
583,976.7401074052514,0.0037661122533791786,0.472
584,978.9939022360873,0.0010340033737496709,0.538
585,976.1507264961609,0.0040080154682745695,0.491
586,976.588401199723,0.0037320009468015457,0.514
587,978.4552071390451,0.0007300521436145774,0.5
588,977.9850448584233,0.0028256109070409446,0.499
589,978.2301951693847,0.002111666888531554,0.482
590,978.0016758755157,0.0033620639712409897,0.486
591,977.5337798234466,0.003370594411924483,0.481
592,968.1545104052403,0.0043388479298998184,0.491
593,973.8465865942927,0.0053119047227970125,0.511
594,973.4985189659035,0.004438973835229985,0.482
595,976.2197509473351,0.0017560784103916383,0.47
596,977.2907628009393,0.002400950483995455,0.517
597,978.949594601009,0.0026923129659510055,0.514
598,979.0850271251375,0.0008095338497273858,0.486
599,973.405178888592,0.004440351806741747,0.493
600,977.3467374522339,0.002356668655871572,0.482
601,981.6577922043185,0.0017593486149331075,0.516
602,976.4068887117116,0.003006789416378105,0.505
603,976.1334571294332,0.0033653397134196543,0.494
604,972.8763427767879,0.004109976131341972,0.515
605,972.6777388403206,0.004703694926505331,0.53
606,974.9713204088641,0.003681096870248182,0.487
607,980.020807736174,0.0029379407817057305,0.464
608,979.9808783118767,0.002387959277491582,0.484
609,969.8634179748559,0.005067997371465493,0.505
610,978.5909975164343,0.002486192374174017,0.521
611,975.65405748772,0.0034051627673194833,0.492
612,974.5949161401195,0.0033300959218002823,0.515
613,973.5749591666363,0.004369471083869129,0.489
614,979.933395193901,0.002147522586970521,0.514
615,976.7086775370537,0.0025858426594409633,0.506
616,979.7146652919685,0.0006166258957898528,0.518
617,974.5084661270035,0.003783106001563047,0.482
618,977.1177646587782,0.0024806720496946847,0.5
619,976.1722149302891,0.0037183896532130872,0.496
620,975.3895403081027,0.002946211559908866,0.51
621,973.4832908713714,0.003960934572757674,0.486
622,976.423404039505,0.0030539674125664063,0.484
623,974.8774963985568,0.003765296634839516,0.496
624,978.7445537527939,0.0034204162032824164,0.494
625,980.0270524904629,0.0023296225326822455,0.485
626,972.3166910252858,0.005255546172399217,0.46
627,981.5990042823247,0.002764206348481399,0.53
628,980.1019484016637,0.0026045875067350244,0.497
629,981.151242120899,0.0014841978481613194,0.477
630,972.4409713689256,0.004864989798257266,0.49
631,974.6896071956451,0.004922890559210633,0.499
632,975.0966947465413,0.003704431273022769,0.478
633,976.0616537351291,0.003721689551325202,0.491
634,972.5158860926429,0.005278356299372273,0.507
635,978.3427237232916,0.0018754516618518546,0.505
636,978.4451959216898,0.0023103435288311268,0.476
637,976.1175156680424,0.004304096745497352,0.486
638,978.7427796082225,0.0015744588781020435,0.495
639,979.0087636991716,0.0006903091918711346,0.476
640,974.36893726197,0.004003423132209689,0.484
641,979.0589072507737,0.0014099574803198372,0.491
642,980.9080773340013,0.0029115671800015973,0.497
643,978.8020833485447,0.0019728537971023916,0.493
644,975.51710861957,0.004496407435178001,0.478
645,973.9012835185408,0.004093858871478902,0.483
646,974.312354585591,0.004076500552287992,0.52
647,977.3408461723554,0.0011300927345597963,0.504
648,980.5782353828658,0.00012456659736963187,0.485
649,976.2795702091851,0.004325057834121086,0.462
650,972.7934709939484,0.0041083543375434635,0.503
651,970.3600667563869,0.005869294214589894,0.497
652,975.2040232952902,0.002425870987271021,0.507
653,977.4169313134421,0.0015842130485555143,0.525
654,977.2932596963343,0.0043670826710773564,0.508
655,980.740395181095,0.0016858280629478187,0.5
656,975.4057698518442,0.0033631712976705786,0.522
657,976.4505118661019,0.00309899503797649,0.505
658,976.4667421452829,0.0018195988795655898,0.489
659,979.2842454883596,0.001671841323566126,0.489
660,978.8165974224478,0.0026734045535564744,0.492
661,974.5805486102522,0.003235378701602068,0.483
662,975.5585070430695,0.0035283403515003783,0.503
663,973.7155782703916,0.003120199290741459,0.507
664,974.8331980769792,0.003807409477749686,0.504
665,976.7305879520538,0.0029590195389204723,0.488
666,978.715325203342,0.001680300154151845,0.5
667,976.8242780132244,0.003964744819033928,0.477
668,976.5761169970064,0.004597090623593581,0.493
669,974.8369882324901,0.0030150832703235222,0.487
670,976.7222500550455,0.0036491053964195367,0.514
671,978.8697344191197,0.0019578631808565864,0.521
672,974.9020992768387,0.004116216239856639,0.523
673,975.1251444477944,0.003587188841907587,0.512
674,973.9850910293173,0.004407161216236848,0.487
675,977.3295438803549,0.003922758069796701,0.485
676,977.5162658742673,0.0029181621754082406,0.502
677,973.9204034909304,0.003817963702394856,0.504
678,976.0317303509494,0.00484293152284719,0.49
679,978.6019615737151,0.0031559956025834644,0.485
680,976.7529538980497,0.003465464387483163,0.489
681,978.3927093887137,0.0011582948651969005,0.497
682,978.9465962634241,0.002734140262268135,0.493
683,978.2001018032864,0.0026247798198425465,0.462
684,974.5866885321739,0.002373873447771678,0.486
685,976.6750748219029,0.002506228765333752,0.525
686,975.026400082126,0.003208783988904319,0.503
687,975.2181401588978,0.004584755316118917,0.497
688,977.6556998869268,0.004127616522612353,0.48
689,977.6469630106633,0.003801834219236546,0.502
690,976.4837698728218,0.002729719092369282,0.488
691,975.6366323397122,0.002139444096505545,0.486
692,973.8169173012459,0.003497625035400197,0.502
693,977.636846624702,0.002961931655084645,0.513
694,975.0461793407003,0.003961183682129504,0.497
695,975.8709170453843,0.005306678199060195,0.495
696,975.5316531591534,0.004046877296103494,0.507
697,978.5590334984947,0.0030533637534081166,0.494
698,976.3900716393667,0.0036112877490835993,0.478
699,976.6117096908667,0.004401319611290546,0.506
700,971.9057026045916,0.004548848197307805,0.489
701,978.2499360177094,0.0026344763723927297,0.491
702,976.4484145991685,0.0019954417668196496,0.466
703,978.7883331274016,0.0033351927598568613,0.49
704,971.3121439933687,0.005442539297216715,0.495
705,974.4003450153804,0.002711115560795663,0.478
706,976.2545154590902,0.003036702647549029,0.475
707,974.9211342807387,0.003918852594278854,0.48
708,976.7569189041324,0.0026676279318774603,0.475
709,976.3446219442744,0.0026861270950546555,0.489
710,978.4654096431112,0.0028129901519427856,0.502
711,978.4319125994062,0.001027914641206312,0.52
712,978.9385979500125,0.0033421345547438586,0.508
713,978.0095265709384,0.0034926009036090476,0.484
714,975.74236275915,0.0014602288694220752,0.495
715,976.3069986332362,0.003665068372528057,0.506
716,975.884453909413,0.003961558900481275,0.527
717,981.3414698881406,0.002184512514654548,0.513
718,973.2195424362669,0.00468515811524713,0.514
719,976.9790405874885,0.002491617504630222,0.498
720,980.3582808776197,0.0024390763322939407,0.48
721,979.4111767373454,0.002523410689281266,0.498
722,970.8065060272438,0.005490239565110919,0.491
723,981.1489980818268,0.0014621181823366398,0.485
724,976.6836952575818,0.001900181519242942,0.504
725,978.3947178246794,0.0020522854825602743,0.454
726,971.7243098050668,0.004208337304198089,0.503
727,978.125168869364,0.002035917004915071,0.477
728,976.9531983250038,0.002363165719555558,0.479
729,980.0533397210647,0.0012708197048433181,0.479
730,975.7907739942187,0.003646748089031075,0.474
731,975.0783979702875,0.0027304401533496995,0.507
732,975.0931039400746,0.0018835852237481501,0.483
733,979.5164593304175,0.0029152772211343,0.49
734,974.3739325889183,0.0035678963693002606,0.494
735,973.6322255173206,0.005191609526609266,0.498
736,975.9045676676594,0.0032785493120903045,0.525
737,976.9181018499914,0.002983350316802908,0.522
738,979.7276986274564,0.0023447608119082862,0.494
739,975.6405775418343,0.0031377193611985517,0.528
740,979.6706252087909,0.002084084460631019,0.504
741,978.0564135695207,0.0025206029881539057,0.474
742,977.0179305324322,0.00456170782813348,0.52
743,976.23276362823,0.0017078509989674646,0.488
744,975.5480632954173,0.003938314620076302,0.49
745,978.590946514883,0.0032711481197853194,0.52
746,979.7171666883983,0.0005543359849928404,0.477
747,969.4559029315719,0.005094519776102576,0.484
748,978.5600575346136,0.0026452729241736293,0.477
749,977.885152525618,0.0003530100479405286,0.499
750,979.1128474234645,0.0021910166692889277,0.487
751,976.7919877846517,0.0032173517601336975,0.461
752,974.7088784814198,0.0036991616779263655,0.493
753,976.5341959015784,0.005156868005515724,0.499
754,973.3792149019112,0.00390742603750446,0.525
755,977.3754754684766,0.003389595005336683,0.507
756,977.7410734181224,0.0025513219594323106,0.5
757,975.5312203414669,0.004025554491102433,0.487
758,974.8550942593337,0.0035180697785158867,0.498
759,980.4636836363369,0.0019269915999397301,0.517
760,977.0483447240615,0.002535256078692305,0.521
761,975.6444227039933,0.0036958841577334257,0.502
762,975.8051565944797,0.0039025607903625044,0.498
763,978.0661221461984,0.001718427636448249,0.493
764,974.8749497998691,0.0034422089878867485,0.511
765,973.4695284469337,0.0037032908462502293,0.508
766,976.4234273181228,0.00397523450709207,0.527
767,977.4245880717833,0.003967230495285843,0.489
768,972.322628189012,0.005678135627660102,0.5
769,978.0367253903357,0.002535708200922232,0.508
770,972.4691204911977,0.0050814741058919765,0.504
771,975.0179166639986,0.0031148024551722105,0.491
772,980.2833787274716,0.0024302524801294426,0.504
773,975.5179818590209,0.003516755882825158,0.513
774,974.777813018932,0.00387956119309038,0.516
775,978.0002374680387,0.003271802912579874,0.485
776,978.0375898461475,0.0024790155168241085,0.511
777,979.3421109539931,0.0024862525525248566,0.493
778,973.7966720815825,0.0038134493264917043,0.509
779,980.3739736857981,0.0020118185349943998,0.525
780,977.6620521980632,0.0028954829088811084,0.493
781,977.7761029506657,0.0005447019493794425,0.496
782,976.9676204516162,0.0034026557781485665,0.514
783,977.661996356784,0.00297966494965659,0.511
784,973.9350064298949,0.003332087184176457,0.507
785,975.7857855799298,0.002247670895428284,0.491
786,977.7081046453778,0.002440310903553081,0.494
787,981.0109737790722,0.0016859277402139626,0.496
788,973.4740650722944,0.005627927429422459,0.53
789,975.8726834354705,0.003720251560370781,0.483
790,979.6810844076572,0.0012207759719796499,0.496
791,976.9127354153228,0.002994187492616832,0.498
792,973.0935459174642,0.0036663218396736593,0.497
793,979.0759431953882,0.0028027852114261807,0.487
794,976.5208763181529,0.002897615032277804,0.508
795,978.2177321128535,0.0029646052885390155,0.48
796,975.9677780675574,0.003302413772830585,0.505
797,974.0737413786649,0.0032459773046080126,0.495
798,972.2671459771683,0.004581725405284599,0.498
799,973.6551552297152,0.003595522859777923,0.493
800,971.6540817797687,0.004773594482502487,0.484
801,976.7349266268925,0.003510661704827144,0.485
802,977.3650496327543,0.0027070862535423937,0.519
803,972.9264824564489,0.003601558258774804,0.521
804,975.1027974400621,0.003339435099708921,0.503
805,977.7569182098637,0.003043160819392101,0.517
806,976.1806906176462,0.0020834435379384524,0.488
807,978.9001100409362,0.0016789069206319166,0.501
808,976.8182258307352,0.003210137953492926,0.472
809,974.4943737658075,0.0037224133540773403,0.496
810,977.3928251193291,0.004990825519050859,0.472
811,977.7444702806779,0.003031868331788829,0.497
812,974.2433721449928,0.0036595125337566268,0.508
813,974.2525328484527,0.00421980212916581,0.497
814,979.3023244542064,0.001990879313154544,0.508
815,976.017679013045,0.004029945761432222,0.507
816,975.2068540198592,0.005465554649376838,0.511
817,977.364931367976,0.0013493530102878602,0.48
818,971.8353379375344,0.0038572473356924437,0.513
819,978.1798958016408,0.0023073102152854773,0.493
820,974.743359080599,0.0031247323179431495,0.503
821,982.2680118454916,0.0029583994864543,0.531
822,976.3708389515728,0.0027703775582034024,0.456
823,977.2224631723138,0.004212705086346036,0.513
824,972.5552251297577,0.005820609422069696,0.462
825,979.7009456722016,0.0020603981654946056,0.462
826,975.1420091191444,0.004263651026645198,0.495
827,972.839670991475,0.003930592466271197,0.492
828,973.2876523052707,0.005415200696932324,0.52
829,976.5783763401671,0.003619236863724822,0.538
830,977.6907685251338,0.002711107571608148,0.51
831,974.7082776678782,0.004052662620130625,0.487
832,980.2026663705236,0.0022690846030635247,0.506
833,977.7283089915245,0.0018797649579262233,0.486
834,975.909421199545,0.003331339356087153,0.518
835,977.8359468569791,0.002479035497410588,0.498
836,977.7035990728109,0.00281126438350084,0.512
837,978.165675941168,0.002305149087130665,0.529
838,975.2295137810536,0.004075222760092757,0.489
839,976.6929500797195,0.0027747853616218996,0.494
840,972.29529083437,0.0054983380260875386,0.496
841,974.6457805534199,0.0042469847368150565,0.483
842,974.1259303473598,0.0042004188995743265,0.479
843,976.5237701002891,0.00302762231881941,0.47
844,972.7700796984252,0.0039795790185646355,0.504
845,976.6926888081531,0.004461954823215242,0.483
846,976.9359701664404,0.003252533869676945,0.482
847,976.7959854174326,0.0034274769014742976,0.494
848,971.469996013128,0.004335120903360664,0.495
849,981.1047732429574,0.00026283386007884703,0.5
850,977.6532827847554,0.002478378737584379,0.491
851,976.8741109889233,0.002393092393522322,0.524
852,978.2531765460022,0.0010959641894895257,0.485
853,973.9022645745861,0.004514178862095055,0.48
854,974.3215263125841,0.002964438070455064,0.521
855,981.2014743787843,0.001480594754265112,0.506
856,976.3581549046111,0.0030865055945801896,0.473
857,977.3041034443957,0.0027729138502065867,0.527
858,973.6982989605659,0.004068326487222088,0.501
859,974.3004869333731,0.004155066039563817,0.518
860,977.5171432557984,0.0022798101308301273,0.481
861,974.1023543319081,0.004880613453506958,0.505
862,977.0077049178208,0.001979724052312045,0.494
863,976.0118738115943,0.003434948512107435,0.49
864,977.431977711738,0.0033502673475922767,0.484
865,980.0564943353168,0.0015669915644956028,0.496
866,977.1842713746297,0.0027092996400418573,0.498
867,973.2403029127623,0.0040947826243304866,0.524
868,974.7801661307903,0.0038888903581207777,0.498
869,978.5799592778907,0.002855012862905183,0.5
870,978.047136482488,0.0026746429753803963,0.476
871,972.1311434438337,0.005494801880057672,0.475
872,980.1060806436959,0.0023351033106973123,0.461
873,975.3073780274927,0.003646593315588223,0.468
874,975.6413538106517,0.003701723885373411,0.508
875,975.347560358381,0.004563700756089461,0.469
876,975.7018658951723,0.004003094313296652,0.49
877,977.7537136837118,0.0021529366308459617,0.47
878,980.2003341021837,0.0017263611815115426,0.521
879,975.9972963333292,0.0027145828112060673,0.497
880,978.2245849323754,0.0029083874085599373,0.491
881,976.3837731094541,0.003121730529183678,0.506
882,976.4072865230914,0.0035209530152310667,0.486
883,975.0126828319148,0.0028837066349983093,0.521
884,975.8666881203887,0.003427773849468273,0.476
885,977.1385811231424,0.004046981830692691,0.511
886,976.3855800480303,0.003969783975801383,0.492
887,978.1463769889486,0.0037489130607885847,0.522
888,975.4724810889596,0.003383345748250709,0.485
889,977.1686210452503,0.003216434952574395,0.482
890,974.3399560959164,0.0035176396310680658,0.484
891,971.6886904401597,0.004384957264850607,0.497
892,977.0447523966805,0.0031009152136894603,0.462
893,974.1431814405285,0.004379918354904042,0.486
894,973.1971485059166,0.0044925144311735,0.502
895,976.708364636268,0.0021669559825345346,0.52
896,975.338551237502,0.004386490036397702,0.494
897,978.0584361681796,0.004951286193302043,0.509
898,977.7561244961623,0.0021709003718845513,0.502
899,974.8691561636797,0.005217853019819311,0.521
900,974.5462531010976,0.0028922108245431444,0.48
901,976.0354861083417,0.0038302025937798022,0.482
902,976.9234571893383,0.0006638321376053806,0.496
903,975.3902452270822,0.003858258954735703,0.479
904,974.7575568083581,0.004081506879552199,0.491
905,977.1236930493415,0.0031987341035564355,0.467
906,973.6313876753735,0.005586290312230231,0.475
907,980.0456824596392,0.0015128096585662364,0.498
908,976.8228092047746,0.0009738645812324325,0.495
909,974.0113556286909,0.0038365391409473774,0.495
910,974.034913391087,0.005049985905910951,0.489
911,976.7773926336215,0.0034003883044352373,0.472
912,975.7813593645169,0.00388366045381699,0.519
913,973.7211197650663,0.004520024483124801,0.478
914,979.5084262687069,0.001622154749349317,0.496
915,979.1272393334176,0.0031351430385950668,0.503
916,977.7451194517025,0.0020833832554673602,0.524
917,976.8092904504019,0.0027353525772238134,0.523
918,972.0348650912055,0.005731202019343815,0.506
919,979.2667622153936,0.001974338465844509,0.499
920,971.6983173531678,0.00488181130996059,0.476
921,980.4910806200622,0.0013165835758347936,0.49
922,976.1872388588058,0.0036931621135007954,0.504
923,979.4553091144268,0.0015787391643344903,0.501
924,975.0844407879235,0.0043557230536517945,0.483
925,974.898898875133,0.005181847528055766,0.482
926,981.2444144373281,0.0021821744989447673,0.509
927,979.1283767230273,0.002906611439310095,0.498
928,975.6709662098674,0.0034216401647593707,0.522
929,976.1508620889329,0.0041515941996953494,0.489
930,979.878208204573,0.0021019680648880316,0.524
931,977.5558237796322,0.00379544133036113,0.519
932,973.7079629215735,0.004983010044255022,0.476
933,978.9311646082575,0.003904637256464587,0.482
934,979.283709878022,0.0030941936284663517,0.483
935,979.9110137503004,0.002348054216854687,0.493
936,970.1456881092479,0.00427600002026449,0.497
937,975.3236722440597,0.0024056597602186676,0.48
938,978.7956840319439,0.0036475095192096793,0.501
939,981.2004630382556,0.0020732560621275196,0.482
940,978.2524758825707,0.002305355149996709,0.496
941,977.3172287769215,0.0027834437381453812,0.515
942,976.4836487407931,0.00214140330575598,0.49
943,974.3740537104741,0.004033063628271877,0.511
944,980.0563819363313,0.0015081832587968056,0.494
945,981.1865110744154,0.0008895714877930478,0.504
946,974.4025875090094,0.005330246848238287,0.48
947,977.6393201468071,0.003816447202763028,0.492
948,976.9334835577358,0.003378029075230257,0.49
949,973.1214188953107,0.004370194188419717,0.497
950,978.320555595277,0.002003370826787573,0.491
951,978.1716519819886,0.0030979358109761326,0.505
952,970.9485826791952,0.0050424909703107,0.528
953,978.225979761919,0.0041167379200969575,0.486
954,976.1916682626843,0.0026879976822604644,0.477
955,975.5038617641443,0.003973458244770203,0.491
956,975.6782550534276,0.001867019587058123,0.508
957,976.152969078134,0.0018583012393226998,0.518
958,978.5614973376455,0.0014371669596831864,0.493
959,978.847108333224,0.002964500828624727,0.497
960,977.2943863521366,0.0026898016619830733,0.501
961,973.832928056024,0.005025782375265889,0.478
962,973.2732144064428,0.0039111391582957395,0.506
963,978.2089874389765,0.004094169342169592,0.475
964,976.878382169484,0.002879280539223325,0.49
965,975.7191798537924,0.0035860734527813094,0.493
966,973.9535955897344,0.004183059659199457,0.502
967,981.5241610069902,0.0004825624687145983,0.498
968,974.8270410338575,0.004555393501620122,0.494
969,977.3610264914441,0.002930844147271142,0.475
970,977.4604564639296,0.0027659912101347687,0.489
971,981.0057303970675,0.0023478146781418232,0.504
972,977.5693791482572,0.002081199668590846,0.523
973,973.7940820021917,0.00349482133584236,0.466
974,977.4179774573302,0.005387576778999534,0.5
975,977.1732713798924,0.0028203762156618776,0.469
976,976.4159354544615,0.0014406278464297198,0.501
977,976.5438685002622,0.0026590368885314824,0.489
978,975.0385561893295,0.004501118597509829,0.473
979,970.6378959257969,0.004334872196998764,0.48
980,979.3166390513402,0.0031011979671816416,0.501
981,974.9408999134766,0.004336352196776824,0.495
982,979.9341555270152,0.0034953063688335957,0.496
983,977.0044623171899,0.0033741781045568795,0.467
984,981.6636602598373,-0.0005656073510591441,0.517
985,972.3474649657774,0.005377013629708518,0.464
986,971.9419753654622,0.005464459317125684,0.491
987,975.9541076335679,0.004000136128791212,0.497
988,975.0327577812329,0.00355367926901117,0.497
989,977.2071976684322,0.002741207901363039,0.491
990,981.107796856209,0.0018584463288497145,0.5
991,975.155321993313,0.0036787969530461457,0.515
992,975.2850307138708,0.0030922445040652523,0.497
993,977.1398791827924,0.0021961297359274043,0.485
994,971.1904381322702,0.005633334642697131,0.515
995,978.7428024445594,0.0026914637223446726,0.498
996,973.4557555428942,0.002971713176787106,0.51
997,969.7323268353294,0.006022538398248081,0.505
998,976.0309994168534,0.002544065490177289,0.483
999,979.1445484998026,0.0027912614199199284,0.478
1000,976.7531004312456,0.003601944555683974,0.485
1001,976.8924852566602,0.003860698642449788,0.508
1002,974.0361170657263,0.0038783483067025243,0.494
1003,977.8812758766678,0.0018087442373275714,0.5
1004,978.4376387835028,0.004374565557525112,0.508
1005,970.910897469708,0.004537726981746784,0.479
1006,977.986382362779,0.002984831352213823,0.507
1007,978.1476606665465,0.0018293262107483036,0.484
1008,975.7974599412402,0.0037164355842439233,0.489
1009,973.1481102267935,0.0030481186180537686,0.495
1010,976.9152106956717,0.0022732380422805258,0.479
1011,978.2027773800918,0.0021166201301114863,0.502
1012,976.8027606271288,0.002611926885595047,0.461
1013,974.8382121626265,0.0026953328200815473,0.487
1014,975.4683117873242,0.004866679112491469,0.5
1015,975.9914942093707,0.003856421484888533,0.494
1016,971.5780418483505,0.00441754544117642,0.491
1017,975.1848810377478,0.0032235155340737585,0.465
1018,978.6977489610398,0.0018928564964181512,0.49
1019,972.8743076577944,0.005527954057910112,0.494
1020,969.5966743874915,0.005712802381468322,0.471
1021,973.6599912299087,0.0029763116189866117,0.517
1022,974.2136247558319,0.004977797475167662,0.508
1023,976.4337547513674,0.004222496293043676,0.495
1024,975.659462092329,0.0034802846799041882,0.496
1025,976.4305178463471,0.0017496910246923496,0.514
1026,978.9147878341244,0.0028699402392325817,0.498
1027,975.4205130707649,0.004891182321960456,0.488
1028,978.1800964545637,0.0025435215149433137,0.511
1029,974.1272525754433,0.0056494044084449205,0.486
1030,976.3643605047663,0.0028026619293759665,0.487
1031,976.1482186026312,0.003426477252387267,0.497
1032,979.0663276928693,0.002718357732815032,0.5
1033,975.5389804411332,0.004776168433523245,0.462
1034,976.0163857013245,0.004251771783437874,0.511
1035,977.6556747167799,0.0037900560027152716,0.489
1036,974.7121252720091,0.005277533258273784,0.519
1037,977.2153671022476,0.004694126601951635,0.496
1038,976.9685500553286,0.0048815674774140986,0.483
1039,970.7830510245897,0.005561247221143642,0.523
1040,977.2935904530526,0.0028409108365650055,0.498
1041,974.0705574476261,0.0046356909859607085,0.517
1042,972.3627925650889,0.004917805161835565,0.504
1043,974.3341356633916,0.0035052642035631305,0.484
1044,975.5211596998919,0.003469054961378265,0.49
1045,974.157221881408,0.004461830396099758,0.48
1046,976.0385549209421,0.005231982724805144,0.508
1047,975.2296057373417,0.004600386380581495,0.477
1048,978.3187719593857,0.003937207711058404,0.504
1049,975.2218947459575,0.002709526520039314,0.503
1050,979.486333098899,0.0018593468452001184,0.487
1051,975.9144417921058,0.004114222389043085,0.48
1052,977.4844560142401,0.0021469104623416495,0.496
1053,976.2309418218144,0.003910265278971957,0.473
1054,977.1505117306167,0.003280822521627032,0.522
1055,976.4510915272228,0.0031622541298190763,0.442
1056,976.2221397493427,0.003151572069535807,0.488
1057,976.4866546145633,0.0034767435404408696,0.488
1058,975.8178316150219,0.004542370217682792,0.496
1059,977.5392492080351,0.0025601409846160374,0.487
1060,976.0117724046474,0.0036290217041344774,0.48
1061,975.1741475391291,0.002333476843195144,0.506
1062,980.6191409075534,0.0015184104467540424,0.482
1063,973.3369409282714,0.004689115190032323,0.501
1064,975.948167402251,0.004028523158349483,0.504
1065,971.8602977066397,0.004881484549769814,0.493
1066,972.9089563646219,0.0039323507850526325,0.507
1067,977.5364315557129,0.0021672283914809533,0.484
1068,976.3792769713716,0.0032685765957676674,0.501
1069,971.65496811882,0.003268159439095701,0.495
1070,974.4584084530079,0.00306425328340371,0.49
1071,977.1557173837684,0.002775724130616055,0.487
1072,979.5944419217731,0.0013642542919443405,0.497
1073,978.7654063839675,0.004115695711311938,0.49
1074,977.0364324316174,0.001967171877624251,0.502
1075,974.462268721541,0.005332971394950922,0.502
1076,977.5421071695362,0.001882204564231337,0.492
1077,976.2338527926748,0.004336353300300575,0.493
1078,975.6913307862454,0.002498196074548386,0.511
1079,972.2821425226163,0.004390303465702625,0.54
1080,977.4195683402119,0.003454264552911608,0.49
1081,976.4678487396328,0.0031139941881040143,0.5
1082,976.6045143378365,0.0027158695652788564,0.489
1083,970.8558004109244,0.004451630241826317,0.48
1084,977.7503439063382,0.002627793312661976,0.49
1085,975.7442384850162,0.003206610487551051,0.496
1086,974.8513656628681,0.002525068047064876,0.496
1087,974.0439916967434,0.0032695261371950713,0.503
1088,977.2125796601877,0.0019201454268483417,0.493
1089,973.8335994193155,0.004932156913208203,0.518
1090,975.6177738134555,0.003469998501537289,0.525
1091,973.0463321699992,0.004694470347477317,0.521
1092,977.5212726098924,0.005338371625336146,0.503
1093,978.4881449179136,0.0010324358248849945,0.484
1094,973.989437326198,0.0036518828834565674,0.495
1095,974.1074395794441,0.0034120338409732304,0.507
1096,977.8293316349907,0.00396136391560448,0.491
1097,976.0317673568698,0.001782315215672078,0.481
1098,976.2376581614676,0.00396701830247658,0.491
1099,977.8289120297281,0.0013130641841573967,0.51
1100,975.7415180497562,0.004174189995912286,0.484
1101,980.2169511643338,0.0017297220619463783,0.49
1102,975.7364873515724,0.0020514030558770858,0.484
1103,977.4111437412798,0.0028102787985685666,0.479
1104,977.7009667687906,0.0033375073843895085,0.462
1105,973.0726348501315,0.00428696336127639,0.469
1106,980.6400806647077,0.0019936051477521953,0.498
1107,978.0974432590167,0.0035269596484504228,0.498
1108,978.9275153373469,0.0024989281881833596,0.496
1109,979.226356176783,0.0031677124346296617,0.495
1110,973.8896675217248,0.003117157654375288,0.478
1111,972.2071678114473,0.0034656359252888446,0.517
1112,973.4297753545195,0.003938209000019952,0.48
1113,980.0335405550728,0.0012298031464989423,0.473
1114,976.1727667868006,0.002262100264026243,0.489
1115,979.5682515268002,0.0018160977334787294,0.496
1116,978.4046430018121,0.0022495144092183257,0.487
1117,980.4458133508208,0.0017491839179975778,0.501
1118,978.3037567066574,0.003436093363798724,0.509
1119,979.1111241937451,0.0027151847378246064,0.504
1120,977.8184127739225,0.003334090595965762,0.524
1121,975.2602380224824,0.0033930951439276776,0.51
1122,979.3498779092427,0.0023621324095527666,0.468
1123,973.1834256840518,0.005080924877436211,0.479
1124,977.3971710300582,0.0032616082393804556,0.504
1125,972.8399118863292,0.0037796408740500905,0.48
1126,978.4153695226738,0.0026329921469132834,0.473
1127,976.7742897540672,0.0027915363197535802,0.455
1128,981.1508552833529,0.00030483830506596374,0.493
1129,976.3236124179753,0.003221199191377373,0.488
1130,972.9914506845184,0.0048508109533884165,0.52
1131,977.4386754870511,0.0022386240502002895,0.504
1132,976.5695154917321,0.003755559458573229,0.499
1133,975.1834013080131,0.004562463438135225,0.514
1134,981.0186966093702,0.0017914960739522368,0.481
1135,978.1337823242858,0.003363828749512403,0.507
1136,973.2844606601252,0.004335662528272293,0.482
1137,974.9715591914975,0.003287897272343004,0.503
