Batch No,SGD Accuracy,NB Accuracy,PA Accuracy
0,0.873,0.515,0.901
1,0.896,0.509,0.897
2,0.885,0.496,0.891
3,0.877,0.587,0.905
4,0.878,0.551,0.894
5,0.9,0.59,0.9
6,0.886,0.873,0.902
7,0.885,0.868,0.903
8,0.857,0.817,0.884
9,0.865,0.708,0.896
10,0.874,0.805,0.913
11,0.857,0.77,0.894
12,0.869,0.882,0.915
13,0.86,0.869,0.891
14,0.857,0.867,0.888
15,0.867,0.878,0.92
16,0.829,0.872,0.888
17,0.845,0.849,0.878
18,0.835,0.841,0.876
19,0.823,0.853,0.884
20,0.833,0.852,0.904
21,0.835,0.858,0.899
22,0.832,0.847,0.879
23,0.836,0.865,0.896
24,0.829,0.855,0.875
25,0.811,0.846,0.863
26,0.833,0.865,0.909
27,0.834,0.862,0.897
28,0.831,0.851,0.893
29,0.827,0.858,0.905
30,0.815,0.863,0.889
31,0.796,0.824,0.878
32,0.837,0.842,0.901
33,0.806,0.831,0.9
34,0.81,0.851,0.89
35,0.803,0.858,0.898
36,0.817,0.853,0.893
37,0.81,0.836,0.877
38,0.822,0.825,0.882
39,0.832,0.847,0.888
40,0.78,0.831,0.886
41,0.822,0.859,0.902
42,0.824,0.833,0.885
43,0.774,0.81,0.862
44,0.777,0.814,0.881
45,0.774,0.829,0.881
46,0.789,0.823,0.887
47,0.76,0.813,0.875
48,0.812,0.826,0.885
49,0.79,0.851,0.888
50,0.817,0.837,0.891
51,0.791,0.84,0.887
52,0.787,0.827,0.894
53,0.797,0.844,0.875
54,0.772,0.819,0.893
55,0.784,0.833,0.888
56,0.808,0.841,0.888
57,0.802,0.826,0.886
58,0.794,0.84,0.893
59,0.785,0.845,0.887
60,0.816,0.839,0.885
61,0.784,0.844,0.881
62,0.801,0.825,0.896
63,0.777,0.84,0.87
64,0.804,0.853,0.9
65,0.781,0.832,0.875
66,0.789,0.838,0.883
67,0.76,0.826,0.879
68,0.776,0.831,0.881
69,0.783,0.828,0.87
70,0.818,0.84,0.889
71,0.783,0.833,0.884
72,0.779,0.815,0.874
73,0.779,0.842,0.883
74,0.793,0.837,0.88
75,0.771,0.818,0.884
76,0.787,0.836,0.886
77,0.784,0.843,0.895
78,0.785,0.838,0.896
79,0.776,0.827,0.882
80,0.807,0.837,0.895
81,0.777,0.841,0.889
82,0.783,0.843,0.896
83,0.764,0.829,0.878
84,0.799,0.836,0.886
85,0.773,0.834,0.888
86,0.767,0.812,0.865
87,0.78,0.841,0.871
88,0.774,0.831,0.888
89,0.799,0.822,0.897
90,0.801,0.849,0.898
91,0.78,0.827,0.877
92,0.768,0.825,0.887
93,0.782,0.832,0.894
94,0.803,0.844,0.868
95,0.786,0.856,0.892
96,0.794,0.828,0.884
97,0.809,0.847,0.908
98,0.779,0.834,0.879
99,0.77,0.807,0.878
100,0.778,0.825,0.889
101,0.771,0.818,0.885
102,0.794,0.843,0.879
103,0.772,0.825,0.878
104,0.782,0.826,0.901
105,0.774,0.834,0.877
106,0.788,0.807,0.874
107,0.769,0.82,0.885
108,0.777,0.843,0.88
109,0.809,0.843,0.901
110,0.775,0.813,0.874
111,0.779,0.833,0.872
112,0.755,0.818,0.861
113,0.794,0.837,0.901
114,0.788,0.844,0.894
115,0.786,0.835,0.897
116,0.782,0.823,0.884
117,0.781,0.837,0.89
118,0.768,0.821,0.87
119,0.772,0.826,0.894
120,0.772,0.834,0.889
121,0.77,0.815,0.856
122,0.793,0.844,0.903
123,0.755,0.821,0.879
124,0.762,0.826,0.865
125,0.761,0.82,0.88
126,0.77,0.823,0.872
127,0.777,0.838,0.889
128,0.773,0.826,0.879
129,0.774,0.822,0.879
130,0.767,0.815,0.869
131,0.78,0.827,0.889
132,0.737,0.815,0.87
133,0.78,0.824,0.881
134,0.777,0.825,0.885
135,0.781,0.821,0.891
136,0.794,0.827,0.896
137,0.796,0.831,0.891
138,0.771,0.823,0.87
139,0.785,0.831,0.885
140,0.76,0.823,0.886
141,0.762,0.827,0.89
142,0.78,0.818,0.883
143,0.784,0.832,0.884
144,0.771,0.8,0.872
145,0.766,0.814,0.889
146,0.797,0.839,0.886
147,0.768,0.806,0.882
148,0.77,0.828,0.876
149,0.759,0.822,0.892
150,0.784,0.81,0.903
151,0.763,0.81,0.869
152,0.78,0.823,0.873
153,0.78,0.833,0.892
154,0.767,0.81,0.887
155,0.758,0.816,0.876
156,0.761,0.815,0.888
157,0.758,0.807,0.891
158,0.783,0.834,0.89
159,0.753,0.798,0.872
160,0.777,0.829,0.891
161,0.758,0.82,0.873
162,0.759,0.832,0.881
163,0.784,0.832,0.888
164,0.726,0.788,0.869
165,0.777,0.819,0.884
166,0.75,0.82,0.873
167,0.781,0.807,0.876
168,0.787,0.826,0.889
169,0.79,0.834,0.899
170,0.773,0.819,0.881
171,0.757,0.795,0.882
172,0.773,0.809,0.869
173,0.781,0.811,0.881
174,0.779,0.822,0.89
175,0.761,0.825,0.884
176,0.773,0.837,0.892
177,0.76,0.801,0.874
178,0.775,0.851,0.874
179,0.757,0.797,0.876
180,0.754,0.821,0.886
181,0.78,0.834,0.896
182,0.762,0.817,0.874
183,0.777,0.815,0.895
184,0.764,0.796,0.872
185,0.77,0.786,0.884
186,0.778,0.825,0.88
187,0.774,0.834,0.881
188,0.763,0.822,0.884
189,0.788,0.811,0.899
190,0.792,0.839,0.895
191,0.775,0.8,0.869
192,0.751,0.826,0.887
193,0.781,0.83,0.865
194,0.766,0.818,0.879
195,0.776,0.824,0.883
196,0.777,0.831,0.894
197,0.777,0.827,0.892
198,0.745,0.834,0.883
199,0.766,0.81,0.886
200,0.752,0.811,0.882
201,0.753,0.824,0.896
202,0.777,0.835,0.877
203,0.763,0.811,0.898
204,0.768,0.829,0.882
205,0.78,0.821,0.888
206,0.789,0.831,0.889
207,0.748,0.822,0.88
208,0.76,0.81,0.883
209,0.786,0.823,0.866
210,0.753,0.795,0.86
211,0.76,0.824,0.886
212,0.743,0.811,0.87
213,0.754,0.793,0.865
214,0.761,0.835,0.883
215,0.748,0.807,0.879
216,0.792,0.83,0.894
217,0.763,0.812,0.885
218,0.758,0.798,0.872
219,0.769,0.81,0.881
220,0.78,0.834,0.883
221,0.765,0.806,0.885
222,0.756,0.831,0.893
223,0.76,0.812,0.889
224,0.767,0.815,0.89
225,0.767,0.809,0.87
226,0.778,0.827,0.902
227,0.766,0.788,0.863
228,0.746,0.801,0.887
229,0.764,0.811,0.863
230,0.761,0.819,0.879
231,0.776,0.807,0.88
232,0.791,0.835,0.881
233,0.765,0.821,0.873
234,0.743,0.821,0.872
235,0.791,0.824,0.884
236,0.771,0.817,0.874
237,0.754,0.803,0.851
238,0.778,0.827,0.891
239,0.775,0.823,0.88
240,0.779,0.834,0.886
241,0.762,0.824,0.889
242,0.791,0.842,0.896
243,0.76,0.811,0.875
244,0.776,0.823,0.904
245,0.772,0.822,0.895
246,0.758,0.813,0.876
247,0.778,0.826,0.886
248,0.763,0.826,0.886
249,0.781,0.807,0.897
250,0.766,0.794,0.865
251,0.782,0.826,0.874
252,0.774,0.805,0.88
253,0.767,0.826,0.9
254,0.751,0.8,0.867
255,0.775,0.801,0.86
256,0.768,0.82,0.884
257,0.77,0.818,0.882
258,0.771,0.824,0.881
259,0.758,0.816,0.893
260,0.776,0.802,0.872
261,0.782,0.816,0.872
262,0.753,0.797,0.873
263,0.769,0.805,0.864
264,0.763,0.805,0.893
265,0.759,0.817,0.864
266,0.758,0.781,0.877
267,0.758,0.816,0.873
268,0.76,0.813,0.868
269,0.77,0.812,0.89
270,0.771,0.824,0.879
271,0.749,0.814,0.875
272,0.772,0.821,0.897
273,0.765,0.804,0.863
274,0.75,0.821,0.886
275,0.774,0.813,0.888
276,0.77,0.808,0.881
277,0.763,0.814,0.884
278,0.765,0.798,0.884
279,0.772,0.805,0.871
280,0.737,0.805,0.879
281,0.751,0.806,0.885
282,0.779,0.821,0.893
283,0.76,0.806,0.854
284,0.749,0.801,0.876
285,0.748,0.81,0.877
286,0.766,0.823,0.891
287,0.764,0.797,0.898
288,0.762,0.817,0.888
289,0.772,0.796,0.872
290,0.773,0.8,0.884
291,0.769,0.811,0.887
292,0.766,0.813,0.888
293,0.753,0.822,0.88
294,0.755,0.814,0.875
295,0.76,0.835,0.876
296,0.766,0.798,0.888
297,0.777,0.819,0.874
298,0.777,0.837,0.883
299,0.778,0.823,0.903
300,0.776,0.813,0.887
301,0.759,0.805,0.852
302,0.781,0.824,0.889
303,0.759,0.816,0.886
304,0.762,0.814,0.879
305,0.753,0.811,0.897
306,0.764,0.825,0.882
307,0.763,0.824,0.903
308,0.773,0.819,0.894
309,0.744,0.792,0.86
310,0.743,0.797,0.882
311,0.754,0.805,0.876
312,0.756,0.797,0.862
313,0.757,0.809,0.899
314,0.774,0.806,0.873
315,0.771,0.806,0.879
316,0.759,0.815,0.882
317,0.76,0.799,0.883
318,0.765,0.795,0.885
319,0.764,0.801,0.873
320,0.768,0.818,0.883
321,0.77,0.822,0.896
322,0.756,0.822,0.888
323,0.776,0.825,0.892
324,0.742,0.792,0.881
325,0.779,0.803,0.865
326,0.746,0.814,0.886
327,0.753,0.817,0.887
328,0.775,0.818,0.88
329,0.762,0.804,0.875
330,0.769,0.805,0.888
331,0.759,0.817,0.88
332,0.764,0.826,0.866
333,0.77,0.819,0.878
334,0.75,0.81,0.883
335,0.787,0.815,0.89
336,0.76,0.804,0.875
337,0.778,0.823,0.908
338,0.782,0.823,0.879
339,0.739,0.801,0.874
340,0.746,0.818,0.875
341,0.755,0.805,0.883
342,0.773,0.815,0.881
343,0.741,0.79,0.864
344,0.749,0.816,0.888
345,0.779,0.832,0.887
346,0.763,0.801,0.885
347,0.762,0.809,0.866
348,0.787,0.826,0.892
349,0.782,0.823,0.881
350,0.752,0.785,0.859
351,0.728,0.781,0.883
352,0.783,0.824,0.902
353,0.786,0.831,0.89
354,0.747,0.784,0.87
355,0.747,0.804,0.883
356,0.747,0.799,0.865
357,0.747,0.798,0.882
358,0.767,0.826,0.876
359,0.774,0.812,0.886
360,0.75,0.812,0.875
361,0.752,0.824,0.879
362,0.763,0.802,0.872
363,0.774,0.815,0.87
364,0.746,0.799,0.866
365,0.77,0.818,0.882
366,0.779,0.821,0.876
367,0.784,0.82,0.895
368,0.768,0.816,0.893
369,0.757,0.833,0.89
370,0.74,0.803,0.857
371,0.777,0.829,0.892
372,0.742,0.805,0.879
373,0.772,0.831,0.888
374,0.777,0.822,0.898
375,0.801,0.847,0.905
376,0.75,0.789,0.862
377,0.777,0.825,0.899
378,0.75,0.816,0.891
379,0.754,0.797,0.871
380,0.787,0.822,0.896
381,0.74,0.796,0.872
382,0.741,0.777,0.853
383,0.752,0.797,0.882
384,0.744,0.794,0.879
385,0.776,0.821,0.888
386,0.775,0.798,0.877
387,0.758,0.795,0.882
388,0.758,0.813,0.885
389,0.772,0.813,0.887
390,0.73,0.801,0.867
391,0.758,0.817,0.896
392,0.779,0.843,0.892
393,0.756,0.783,0.88
394,0.774,0.819,0.889
395,0.777,0.821,0.892
396,0.767,0.813,0.881
397,0.776,0.827,0.898
398,0.764,0.804,0.882
399,0.77,0.821,0.89
400,0.786,0.828,0.899
401,0.764,0.81,0.88
402,0.748,0.811,0.856
403,0.743,0.791,0.874
404,0.761,0.8,0.879
405,0.759,0.811,0.888
406,0.77,0.833,0.894
407,0.759,0.807,0.876
408,0.765,0.815,0.883
409,0.765,0.823,0.882
410,0.785,0.821,0.899
411,0.755,0.792,0.866
412,0.766,0.801,0.884
413,0.746,0.811,0.868
414,0.737,0.786,0.866
415,0.758,0.796,0.887
416,0.737,0.786,0.858
417,0.763,0.811,0.893
418,0.774,0.821,0.905
419,0.761,0.814,0.877
420,0.754,0.815,0.881
421,0.761,0.806,0.886
422,0.777,0.806,0.88
423,0.756,0.803,0.873
424,0.77,0.815,0.896
425,0.756,0.801,0.866
426,0.748,0.799,0.849
427,0.731,0.804,0.889
428,0.76,0.815,0.885
429,0.771,0.808,0.878
430,0.75,0.799,0.878
431,0.747,0.783,0.874
432,0.76,0.801,0.87
433,0.776,0.8,0.88
434,0.749,0.793,0.869
435,0.76,0.799,0.876
436,0.754,0.805,0.871
437,0.779,0.808,0.886
438,0.758,0.795,0.865
439,0.77,0.812,0.873
440,0.791,0.841,0.9
441,0.765,0.815,0.901
442,0.783,0.823,0.871
443,0.776,0.822,0.892
444,0.759,0.802,0.873
445,0.759,0.793,0.885
446,0.77,0.806,0.864
447,0.779,0.806,0.877
448,0.746,0.794,0.893
449,0.761,0.814,0.887
450,0.752,0.8,0.88
451,0.777,0.817,0.877
452,0.759,0.801,0.889
453,0.781,0.824,0.884
454,0.752,0.8,0.871
455,0.773,0.829,0.882
456,0.764,0.811,0.882
457,0.772,0.81,0.879
458,0.746,0.789,0.871
459,0.769,0.83,0.886
460,0.775,0.825,0.905
461,0.765,0.81,0.902
462,0.731,0.794,0.864
463,0.764,0.821,0.87
464,0.768,0.811,0.887
465,0.748,0.8,0.882
466,0.798,0.839,0.899
467,0.761,0.796,0.875
468,0.753,0.821,0.888
469,0.765,0.812,0.877
470,0.776,0.801,0.898
471,0.751,0.792,0.873
472,0.762,0.809,0.895
473,0.763,0.814,0.886
474,0.776,0.821,0.884
475,0.756,0.795,0.863
476,0.743,0.783,0.864
477,0.735,0.792,0.865
478,0.762,0.803,0.886
479,0.74,0.801,0.888
480,0.782,0.827,0.883
481,0.734,0.778,0.878
482,0.768,0.815,0.874
483,0.76,0.814,0.871
484,0.766,0.815,0.886
485,0.793,0.82,0.887
486,0.78,0.804,0.884
487,0.783,0.826,0.888
488,0.777,0.816,0.872
489,0.776,0.817,0.894
490,0.752,0.794,0.875
491,0.777,0.824,0.895
492,0.781,0.819,0.899
493,0.779,0.822,0.892
494,0.766,0.826,0.911
495,0.757,0.81,0.883
496,0.748,0.789,0.849
497,0.752,0.788,0.877
498,0.779,0.817,0.904
499,0.769,0.813,0.889
500,0.766,0.814,0.887
501,0.768,0.817,0.883
502,0.755,0.803,0.888
503,0.782,0.828,0.896
504,0.751,0.791,0.876
505,0.768,0.828,0.887
506,0.747,0.813,0.873
507,0.746,0.802,0.878
508,0.773,0.802,0.889
509,0.752,0.814,0.882
510,0.788,0.818,0.886
511,0.757,0.812,0.88
512,0.749,0.799,0.883
513,0.728,0.817,0.885
514,0.758,0.806,0.874
515,0.759,0.801,0.887
516,0.767,0.813,0.884
517,0.755,0.82,0.881
518,0.756,0.812,0.849
519,0.77,0.82,0.884
520,0.767,0.817,0.865
521,0.747,0.812,0.874
522,0.75,0.8,0.869
523,0.734,0.801,0.878
524,0.736,0.788,0.878
525,0.768,0.817,0.892
526,0.767,0.795,0.879
527,0.778,0.796,0.875
528,0.746,0.817,0.874
529,0.765,0.805,0.876
530,0.759,0.797,0.876
531,0.776,0.821,0.87
532,0.755,0.813,0.877
533,0.755,0.798,0.884
534,0.759,0.807,0.879
535,0.758,0.794,0.885
536,0.756,0.804,0.867
537,0.766,0.834,0.903
538,0.762,0.808,0.884
539,0.78,0.816,0.895
540,0.757,0.797,0.87
541,0.757,0.799,0.874
542,0.785,0.806,0.887
543,0.78,0.811,0.892
544,0.76,0.787,0.899
545,0.754,0.803,0.887
546,0.766,0.815,0.891
547,0.755,0.81,0.883
548,0.741,0.789,0.869
549,0.765,0.808,0.896
550,0.717,0.794,0.874
551,0.785,0.812,0.89
552,0.745,0.791,0.881
553,0.755,0.796,0.873
554,0.763,0.805,0.869
555,0.787,0.833,0.896
556,0.733,0.771,0.866
557,0.767,0.79,0.874
558,0.778,0.824,0.912
559,0.748,0.798,0.878
560,0.771,0.831,0.887
561,0.73,0.804,0.874
562,0.772,0.84,0.909
563,0.76,0.794,0.884
564,0.772,0.814,0.895
565,0.768,0.789,0.878
566,0.757,0.804,0.867
567,0.789,0.853,0.897
568,0.737,0.804,0.885
569,0.765,0.821,0.889
570,0.764,0.829,0.884
571,0.78,0.816,0.888
572,0.748,0.798,0.879
573,0.747,0.787,0.864
574,0.765,0.807,0.879
575,0.769,0.815,0.884
576,0.753,0.81,0.878
577,0.753,0.792,0.875
578,0.753,0.8,0.893
579,0.738,0.785,0.859
580,0.751,0.803,0.865
581,0.752,0.788,0.865
582,0.741,0.795,0.875
583,0.746,0.814,0.904
584,0.773,0.812,0.903
585,0.762,0.827,0.878
586,0.781,0.833,0.885
587,0.764,0.802,0.878
588,0.738,0.793,0.864
589,0.762,0.803,0.869
590,0.768,0.814,0.874
591,0.778,0.823,0.895
592,0.767,0.798,0.881
593,0.774,0.808,0.871
594,0.737,0.793,0.875
595,0.758,0.812,0.879
596,0.76,0.801,0.884
597,0.762,0.824,0.886
598,0.758,0.815,0.895
599,0.735,0.798,0.865
600,0.781,0.813,0.887
601,0.767,0.799,0.886
602,0.737,0.794,0.876
603,0.753,0.806,0.888
604,0.75,0.803,0.887
605,0.759,0.811,0.888
606,0.757,0.81,0.879
607,0.738,0.798,0.887
608,0.773,0.812,0.891
609,0.755,0.787,0.876
610,0.771,0.812,0.874
611,0.763,0.82,0.885
612,0.76,0.806,0.881
613,0.751,0.806,0.869
614,0.736,0.791,0.866
615,0.746,0.786,0.881
616,0.768,0.814,0.899
617,0.754,0.801,0.885
618,0.765,0.799,0.882
619,0.75,0.805,0.895
620,0.755,0.807,0.871
621,0.75,0.792,0.872
622,0.729,0.796,0.874
623,0.75,0.807,0.874
624,0.73,0.784,0.882
625,0.749,0.807,0.865
626,0.77,0.808,0.879
627,0.766,0.811,0.885
628,0.747,0.802,0.883
629,0.77,0.808,0.882
630,0.764,0.81,0.87
631,0.766,0.817,0.88
632,0.769,0.789,0.874
633,0.773,0.808,0.893
634,0.732,0.776,0.859
635,0.737,0.79,0.882
636,0.747,0.808,0.872
637,0.777,0.828,0.904
638,0.761,0.804,0.883
639,0.74,0.794,0.888
640,0.777,0.814,0.886
641,0.748,0.802,0.878
642,0.766,0.81,0.896
643,0.753,0.798,0.885
644,0.747,0.792,0.874
645,0.758,0.803,0.878
646,0.761,0.821,0.88
647,0.752,0.782,0.864
648,0.754,0.803,0.885
649,0.752,0.821,0.886
650,0.779,0.834,0.898
651,0.754,0.802,0.891
652,0.753,0.807,0.862
653,0.755,0.798,0.878
654,0.779,0.803,0.883
655,0.754,0.799,0.883
656,0.75,0.789,0.858
657,0.743,0.795,0.872
658,0.779,0.822,0.907
659,0.749,0.817,0.872
660,0.789,0.818,0.893
661,0.75,0.79,0.872
662,0.761,0.795,0.87
663,0.79,0.809,0.882
664,0.771,0.816,0.905
665,0.738,0.782,0.867
666,0.749,0.792,0.867
667,0.752,0.812,0.888
668,0.748,0.784,0.867
669,0.763,0.8,0.874
670,0.744,0.795,0.872
671,0.75,0.819,0.883
672,0.752,0.785,0.872
673,0.743,0.807,0.881
674,0.746,0.8,0.872
675,0.759,0.808,0.879
676,0.741,0.767,0.864
677,0.765,0.796,0.872
678,0.745,0.794,0.867
679,0.759,0.812,0.881
680,0.791,0.829,0.886
681,0.754,0.81,0.877
682,0.736,0.782,0.885
683,0.772,0.814,0.889
684,0.734,0.796,0.885
685,0.748,0.81,0.872
686,0.752,0.807,0.88
687,0.752,0.81,0.868
688,0.754,0.802,0.885
689,0.77,0.807,0.89
690,0.755,0.798,0.893
691,0.762,0.793,0.884
692,0.759,0.807,0.88
693,0.781,0.801,0.903
694,0.754,0.808,0.886
695,0.765,0.809,0.896
696,0.763,0.817,0.875
697,0.739,0.801,0.882
698,0.756,0.795,0.873
699,0.759,0.8,0.869
700,0.754,0.814,0.886
701,0.76,0.807,0.88
702,0.762,0.796,0.873
703,0.745,0.806,0.877
704,0.745,0.794,0.871
705,0.765,0.817,0.877
706,0.758,0.787,0.883
707,0.748,0.81,0.89
708,0.748,0.81,0.886
709,0.767,0.797,0.892
710,0.75,0.796,0.868
711,0.753,0.793,0.882
712,0.759,0.801,0.875
713,0.772,0.823,0.886
714,0.786,0.812,0.886
715,0.759,0.812,0.873
716,0.762,0.82,0.87
717,0.776,0.829,0.865
718,0.762,0.808,0.873
719,0.772,0.807,0.883
720,0.766,0.806,0.882
721,0.763,0.81,0.88
722,0.762,0.812,0.877
723,0.769,0.796,0.891
724,0.747,0.811,0.88
725,0.769,0.792,0.889
726,0.761,0.832,0.887
727,0.754,0.8,0.882
728,0.756,0.804,0.882
729,0.766,0.808,0.882
730,0.75,0.803,0.882
731,0.753,0.795,0.882
732,0.759,0.815,0.879
733,0.751,0.802,0.888
734,0.739,0.78,0.879
735,0.749,0.789,0.875
736,0.752,0.779,0.893
737,0.798,0.824,0.897
738,0.753,0.809,0.88
739,0.747,0.81,0.885
740,0.757,0.813,0.882
741,0.727,0.803,0.882
742,0.761,0.794,0.87
743,0.733,0.773,0.862
744,0.769,0.819,0.895
745,0.762,0.809,0.882
746,0.773,0.806,0.877
747,0.749,0.795,0.892
748,0.756,0.795,0.879
749,0.738,0.796,0.878
750,0.755,0.798,0.88
751,0.758,0.794,0.893
752,0.749,0.798,0.864
753,0.766,0.805,0.884
754,0.755,0.8,0.869
755,0.752,0.804,0.891
756,0.754,0.794,0.886
757,0.776,0.811,0.884
758,0.767,0.796,0.872
759,0.762,0.814,0.896
760,0.78,0.829,0.891
761,0.741,0.798,0.881
762,0.738,0.8,0.869
763,0.764,0.785,0.867
764,0.762,0.817,0.86
765,0.752,0.79,0.877
766,0.764,0.811,0.899
767,0.762,0.818,0.894
768,0.763,0.798,0.862
769,0.763,0.806,0.868
770,0.76,0.8,0.878
771,0.72,0.797,0.876
772,0.769,0.798,0.872
773,0.773,0.805,0.875
774,0.759,0.808,0.884
775,0.756,0.797,0.873
776,0.768,0.816,0.874
777,0.766,0.822,0.877
778,0.752,0.796,0.862
779,0.748,0.813,0.893
780,0.728,0.8,0.885
781,0.741,0.803,0.882
782,0.757,0.814,0.867
783,0.759,0.797,0.888
784,0.759,0.781,0.882
785,0.739,0.795,0.861
786,0.732,0.779,0.891
787,0.769,0.814,0.904
788,0.763,0.802,0.888
789,0.777,0.814,0.877
790,0.741,0.791,0.886
791,0.76,0.806,0.884
792,0.778,0.825,0.902
793,0.753,0.811,0.891
794,0.758,0.813,0.889
795,0.764,0.817,0.904
796,0.748,0.796,0.866
797,0.756,0.828,0.878
798,0.761,0.794,0.896
799,0.735,0.788,0.886
800,0.754,0.812,0.879
801,0.765,0.797,0.881
802,0.743,0.804,0.874
803,0.781,0.819,0.877
804,0.751,0.804,0.88
805,0.739,0.816,0.879
806,0.762,0.813,0.886
807,0.767,0.798,0.89
808,0.758,0.805,0.877
809,0.796,0.818,0.901
810,0.742,0.805,0.858
811,0.749,0.773,0.863
812,0.771,0.803,0.883
813,0.768,0.793,0.871
814,0.75,0.791,0.891
815,0.772,0.817,0.893
816,0.774,0.816,0.903
817,0.767,0.806,0.904
818,0.754,0.803,0.868
819,0.762,0.794,0.877
820,0.763,0.829,0.886
821,0.744,0.78,0.879
822,0.745,0.803,0.882
823,0.78,0.833,0.9
824,0.775,0.823,0.91
825,0.745,0.793,0.878
826,0.781,0.83,0.887
827,0.756,0.795,0.88
828,0.745,0.778,0.878
829,0.726,0.794,0.883
830,0.735,0.795,0.861
831,0.741,0.79,0.877
832,0.762,0.809,0.878
833,0.725,0.774,0.86
834,0.754,0.815,0.883
835,0.767,0.798,0.873
836,0.766,0.809,0.885
837,0.732,0.799,0.877
838,0.759,0.8,0.872
839,0.771,0.806,0.884
840,0.772,0.813,0.875
841,0.763,0.814,0.884
842,0.775,0.821,0.905
843,0.746,0.813,0.889
844,0.759,0.8,0.869
845,0.757,0.811,0.897
846,0.754,0.788,0.89
847,0.757,0.802,0.901
848,0.758,0.815,0.883
849,0.746,0.798,0.866
850,0.747,0.808,0.861
851,0.764,0.791,0.879
852,0.773,0.809,0.892
853,0.763,0.808,0.892
854,0.77,0.807,0.884
855,0.755,0.794,0.889
856,0.767,0.801,0.886
857,0.779,0.811,0.899
858,0.764,0.81,0.89
859,0.758,0.811,0.884
860,0.743,0.784,0.871
861,0.778,0.83,0.89
862,0.755,0.791,0.892
863,0.772,0.796,0.883
864,0.765,0.8,0.881
865,0.754,0.791,0.873
866,0.758,0.806,0.895
867,0.75,0.8,0.875
868,0.754,0.793,0.88
869,0.735,0.778,0.879
870,0.743,0.794,0.877
871,0.734,0.785,0.888
872,0.76,0.812,0.898
873,0.763,0.794,0.88
874,0.772,0.807,0.908
875,0.755,0.801,0.877
876,0.764,0.802,0.879
877,0.761,0.82,0.902
878,0.75,0.776,0.875
879,0.768,0.807,0.883
880,0.758,0.794,0.892
881,0.752,0.809,0.884
882,0.75,0.79,0.885
883,0.744,0.789,0.852
884,0.725,0.778,0.879
885,0.757,0.817,0.887
886,0.765,0.8,0.881
887,0.773,0.829,0.9
888,0.757,0.799,0.857
889,0.766,0.809,0.888
890,0.764,0.8,0.883
891,0.762,0.81,0.887
892,0.756,0.781,0.877
893,0.732,0.779,0.849
894,0.768,0.795,0.871
895,0.752,0.788,0.892
896,0.765,0.816,0.894
897,0.742,0.794,0.869
898,0.747,0.808,0.875
899,0.751,0.791,0.864
900,0.741,0.787,0.876
901,0.747,0.775,0.883
902,0.766,0.818,0.895
903,0.75,0.819,0.895
904,0.778,0.787,0.886
905,0.77,0.805,0.88
906,0.763,0.817,0.89
907,0.762,0.794,0.867
908,0.746,0.798,0.885
909,0.792,0.815,0.902
910,0.763,0.818,0.884
911,0.733,0.784,0.863
912,0.773,0.812,0.878
913,0.748,0.787,0.865
914,0.775,0.813,0.881
915,0.77,0.82,0.9
916,0.759,0.811,0.89
917,0.763,0.801,0.888
918,0.771,0.811,0.886
919,0.769,0.803,0.89
920,0.741,0.77,0.861
921,0.757,0.807,0.882
922,0.742,0.781,0.879
923,0.747,0.802,0.893
924,0.754,0.8,0.884
925,0.764,0.797,0.879
926,0.759,0.79,0.866
927,0.758,0.818,0.892
928,0.755,0.806,0.879
929,0.742,0.779,0.861
930,0.758,0.799,0.883
931,0.765,0.803,0.887
932,0.759,0.816,0.898
933,0.766,0.813,0.889
934,0.785,0.806,0.889
935,0.781,0.825,0.894
936,0.751,0.803,0.871
937,0.754,0.793,0.88
938,0.772,0.801,0.865
939,0.734,0.793,0.86
940,0.768,0.815,0.897
941,0.754,0.789,0.897
942,0.742,0.783,0.851
943,0.785,0.803,0.876
944,0.754,0.806,0.886
945,0.762,0.803,0.888
946,0.755,0.785,0.877
947,0.755,0.796,0.865
948,0.755,0.789,0.872
949,0.775,0.824,0.895
950,0.76,0.815,0.882
951,0.761,0.807,0.873
952,0.74,0.794,0.884
953,0.759,0.801,0.892
954,0.755,0.799,0.867
955,0.77,0.813,0.893
956,0.759,0.815,0.885
957,0.759,0.802,0.88
958,0.73,0.779,0.874
959,0.764,0.79,0.867
960,0.743,0.774,0.889
961,0.744,0.78,0.868
962,0.76,0.798,0.875
963,0.769,0.786,0.876
964,0.756,0.815,0.898
965,0.768,0.809,0.899
966,0.76,0.798,0.892
967,0.759,0.796,0.897
968,0.781,0.82,0.878
969,0.762,0.813,0.874
970,0.749,0.802,0.887
971,0.754,0.796,0.871
972,0.756,0.805,0.868
973,0.759,0.799,0.884
974,0.771,0.818,0.884
975,0.758,0.808,0.859
976,0.748,0.792,0.868
977,0.752,0.811,0.883
978,0.767,0.796,0.868
979,0.753,0.794,0.876
980,0.752,0.803,0.866
981,0.759,0.807,0.873
982,0.764,0.807,0.88
983,0.762,0.78,0.865
984,0.777,0.83,0.881
985,0.762,0.812,0.878
986,0.757,0.81,0.88
987,0.756,0.808,0.885
988,0.75,0.799,0.882
989,0.771,0.797,0.877
990,0.761,0.808,0.89
991,0.762,0.795,0.889
992,0.721,0.78,0.873
993,0.752,0.795,0.875
994,0.746,0.785,0.868
995,0.765,0.799,0.891
996,0.757,0.795,0.863
997,0.758,0.794,0.877
998,0.769,0.814,0.893
999,0.759,0.798,0.879
1000,0.749,0.793,0.886
1001,0.772,0.815,0.887
1002,0.741,0.794,0.861
1003,0.751,0.792,0.878
1004,0.757,0.8,0.886
1005,0.762,0.806,0.885
1006,0.763,0.811,0.891
1007,0.776,0.806,0.879
1008,0.759,0.794,0.872
1009,0.767,0.783,0.87
1010,0.771,0.802,0.89
1011,0.75,0.795,0.879
1012,0.755,0.791,0.867
1013,0.78,0.786,0.886
1014,0.774,0.806,0.884
1015,0.747,0.797,0.866
1016,0.75,0.799,0.892
1017,0.748,0.787,0.894
1018,0.775,0.809,0.896
1019,0.747,0.792,0.877
1020,0.759,0.79,0.873
1021,0.756,0.805,0.877
1022,0.766,0.81,0.87
1023,0.753,0.803,0.892
1024,0.767,0.799,0.888
1025,0.745,0.792,0.887
1026,0.764,0.809,0.89
1027,0.757,0.806,0.884
1028,0.753,0.8,0.875
1029,0.775,0.825,0.887
1030,0.79,0.81,0.881
1031,0.772,0.801,0.886
1032,0.755,0.809,0.871
1033,0.754,0.792,0.881
1034,0.783,0.822,0.881
1035,0.746,0.796,0.893
1036,0.756,0.801,0.891
1037,0.743,0.795,0.878
1038,0.76,0.799,0.874
1039,0.753,0.789,0.869
1040,0.768,0.804,0.906
1041,0.742,0.805,0.873
1042,0.747,0.79,0.872
1043,0.765,0.825,0.903
1044,0.75,0.781,0.884
1045,0.759,0.802,0.882
1046,0.785,0.798,0.868
1047,0.743,0.796,0.886
1048,0.755,0.789,0.878
1049,0.752,0.787,0.878
1050,0.724,0.777,0.869
1051,0.755,0.813,0.892
1052,0.746,0.791,0.888
1053,0.757,0.817,0.892
1054,0.775,0.797,0.877
1055,0.767,0.804,0.881
1056,0.744,0.786,0.873
1057,0.754,0.81,0.887
1058,0.751,0.794,0.88
1059,0.761,0.809,0.884
1060,0.735,0.788,0.864
1061,0.735,0.8,0.88
1062,0.781,0.805,0.891
1063,0.739,0.791,0.868
1064,0.757,0.801,0.889
1065,0.754,0.807,0.876
1066,0.746,0.791,0.867
1067,0.74,0.788,0.873
1068,0.792,0.801,0.873
1069,0.788,0.801,0.883
1070,0.765,0.818,0.876
1071,0.777,0.816,0.899
1072,0.742,0.799,0.878
1073,0.774,0.805,0.897
1074,0.746,0.796,0.875
1075,0.761,0.787,0.876
1076,0.744,0.802,0.883
1077,0.758,0.792,0.885
1078,0.773,0.801,0.867
1079,0.767,0.808,0.872
1080,0.743,0.772,0.875
1081,0.77,0.81,0.891
1082,0.756,0.797,0.89
1083,0.758,0.794,0.87
1084,0.751,0.801,0.888
1085,0.761,0.813,0.887
1086,0.764,0.816,0.894
1087,0.77,0.803,0.892
1088,0.776,0.83,0.889
1089,0.742,0.777,0.885
1090,0.763,0.811,0.883
1091,0.752,0.798,0.852
1092,0.756,0.773,0.878
1093,0.769,0.806,0.894
1094,0.751,0.804,0.889
1095,0.778,0.799,0.899
1096,0.759,0.812,0.886
1097,0.762,0.805,0.883
1098,0.753,0.795,0.877
1099,0.75,0.801,0.881
1100,0.783,0.818,0.887
1101,0.756,0.802,0.889
1102,0.749,0.773,0.876
1103,0.76,0.804,0.884
1104,0.766,0.839,0.896
1105,0.771,0.811,0.891
1106,0.748,0.801,0.871
1107,0.776,0.804,0.906
1108,0.768,0.809,0.898
1109,0.768,0.794,0.887
1110,0.754,0.789,0.877
1111,0.744,0.796,0.855
1112,0.743,0.798,0.878
1113,0.763,0.82,0.873
1114,0.761,0.794,0.876
1115,0.751,0.8,0.877
1116,0.764,0.804,0.877
1117,0.751,0.792,0.88
1118,0.758,0.805,0.877
1119,0.759,0.783,0.883
1120,0.772,0.81,0.892
1121,0.763,0.808,0.894
1122,0.755,0.781,0.868
1123,0.754,0.814,0.896
1124,0.767,0.809,0.892
1125,0.732,0.774,0.843
1126,0.767,0.813,0.887
1127,0.764,0.82,0.895
1128,0.741,0.782,0.872
1129,0.767,0.803,0.871
1130,0.768,0.813,0.875
1131,0.753,0.811,0.904
1132,0.758,0.793,0.851
1133,0.785,0.804,0.876
1134,0.767,0.807,0.877
1135,0.774,0.816,0.889
1136,0.77,0.806,0.888
1137,0.753,0.801,0.896
1138,0.769,0.791,0.882
